age,job,marital,education,default,balance,housing,loan,contact,day,month,duration,campaign,pdays,previous,poutcome,y
13,20,student,single,secondary,0,502,0,0,cellular,30,apr,261,1,-1,0,unknown,1
30,68,retired,divorced,secondary,0,4189,0,0,telephone,14,jul,897,2,-1,0,unknown,1
33,32,management,single,tertiary,0,2536,1,0,cellular,26,aug,958,6,-1,0,unknown,1
34,49,technician,married,tertiary,0,1235,0,0,cellular,13,aug,354,3,-1,0,unknown,1
36,78,retired,divorced,primary,0,229,0,0,telephone,22,oct,97,1,-1,0,unknown,1
37,32,blue-collar,married,secondary,0,2089,1,0,cellular,14,nov,132,1,-1,0,unknown,1
38,33,management,married,secondary,0,3935,1,0,cellular,6,may,765,1,342,2,failure,1
49,61,admin.,married,unknown,0,4629,1,0,cellular,27,jan,181,1,92,1,success,1
50,45,blue-collar,divorced,primary,0,844,0,0,unknown,5,jun,1018,3,-1,0,unknown,1
53,34,technician,married,tertiary,0,1539,1,0,cellular,15,jun,441,1,56,1,other,1
70,37,management,married,tertiary,0,0,0,0,cellular,16,jul,268,2,182,3,success,1
80,27,admin.,divorced,secondary,0,451,1,0,cellular,16,jul,652,1,-1,0,unknown,1
83,52,services,married,secondary,0,657,0,0,telephone,7,jul,398,2,460,2,failure,1
84,37,management,married,tertiary,0,1315,0,0,cellular,30,jun,224,1,-1,0,unknown,1
92,27,services,single,secondary,0,-195,1,0,cellular,18,may,391,1,-1,0,unknown,1
99,31,unemployed,single,primary,0,406,0,0,cellular,4,feb,736,1,-1,0,unknown,1
108,56,unemployed,married,primary,0,3391,0,0,cellular,21,apr,243,1,-1,0,unknown,1
110,21,student,single,secondary,0,2488,0,0,cellular,30,jun,258,6,169,3,success,1
114,25,student,single,secondary,0,331,0,0,telephone,26,aug,170,4,-1,0,unknown,1
115,25,technician,single,secondary,0,505,0,1,cellular,17,nov,386,2,-1,0,unknown,1
125,34,self-employed,single,tertiary,0,462,0,0,cellular,21,aug,1877,3,-1,0,unknown,1
129,77,retired,divorced,tertiary,0,4659,0,0,cellular,14,apr,161,1,-1,0,unknown,1
138,52,management,married,tertiary,0,-970,1,0,cellular,4,feb,489,1,-1,0,unknown,1
156,55,admin.,married,secondary,0,602,0,0,cellular,1,jun,324,3,90,2,success,1
164,28,management,single,tertiary,0,80,0,0,cellular,20,oct,676,2,146,2,failure,1
189,56,retired,married,secondary,0,-1206,1,0,cellular,15,jun,382,2,-1,0,unknown,1
199,75,retired,married,secondary,0,3771,0,0,telephone,15,apr,185,1,181,2,success,1
202,35,technician,single,tertiary,0,2658,1,0,cellular,19,aug,768,2,141,3,failure,1
204,29,blue-collar,single,tertiary,0,455,0,0,telephone,21,apr,403,1,-1,0,unknown,1
215,42,management,married,tertiary,0,372,1,0,cellular,3,aug,654,2,-1,0,unknown,1
259,29,blue-collar,single,secondary,0,482,0,1,cellular,10,jul,1097,3,-1,0,unknown,1
271,24,blue-collar,single,secondary,0,174,1,1,cellular,18,may,487,1,-1,0,unknown,1
289,34,admin.,married,tertiary,0,69,0,1,cellular,4,aug,120,3,1,6,success,1
290,50,blue-collar,married,primary,0,4108,1,0,cellular,7,aug,526,2,-1,0,unknown,1
295,49,entrepreneur,divorced,unknown,1,-701,1,0,cellular,30,jul,988,2,-1,0,unknown,1
297,45,blue-collar,divorced,primary,0,-311,1,0,unknown,23,may,1030,1,-1,0,unknown,1
298,38,entrepreneur,married,secondary,0,593,1,1,cellular,24,jul,1484,24,-1,0,unknown,1
299,32,blue-collar,married,secondary,0,759,1,0,cellular,9,apr,317,5,-1,0,unknown,1
306,49,entrepreneur,married,secondary,0,687,1,0,cellular,17,apr,772,1,-1,0,unknown,1
314,25,admin.,single,tertiary,0,760,1,0,cellular,27,may,223,3,89,2,failure,1
318,35,entrepreneur,married,secondary,0,2971,0,0,cellular,4,may,429,4,164,2,failure,1
323,38,management,married,tertiary,0,1199,0,0,cellular,4,aug,178,1,1,1,success,1
327,35,entrepreneur,single,tertiary,0,145,1,0,cellular,18,jul,799,2,-1,0,unknown,1
328,35,unemployed,married,secondary,0,978,0,0,cellular,29,dec,1370,3,209,3,success,1
333,32,services,married,primary,0,228,1,0,cellular,21,jul,1017,6,-1,0,unknown,1
334,30,management,single,tertiary,0,424,0,0,cellular,16,apr,298,4,-1,0,unknown,1
347,55,management,married,primary,0,2587,0,0,cellular,4,sep,328,2,94,2,success,1
358,48,admin.,divorced,secondary,0,4099,0,0,cellular,2,apr,397,2,-1,0,unknown,1
368,60,technician,single,primary,0,11262,0,0,cellular,26,aug,323,1,-1,0,unknown,1
377,37,management,married,tertiary,0,393,1,0,cellular,14,may,567,3,275,4,failure,1
382,59,retired,married,tertiary,0,9676,0,0,telephone,27,mar,234,2,-1,0,unknown,1
401,28,blue-collar,single,secondary,0,517,0,1,cellular,8,jul,681,1,-1,0,unknown,1
409,54,admin.,married,secondary,0,0,0,0,cellular,28,jan,161,1,98,2,failure,1
412,75,retired,divorced,tertiary,0,3810,1,0,cellular,16,nov,262,1,183,1,failure,1
415,49,management,divorced,tertiary,0,755,0,0,cellular,31,jul,1212,4,-1,0,unknown,1
443,30,management,married,tertiary,0,1221,1,0,telephone,25,jul,279,4,-1,0,unknown,1
450,35,technician,married,secondary,0,4508,1,0,cellular,18,nov,854,1,-1,0,unknown,1
456,34,self-employed,single,tertiary,0,5462,0,0,cellular,30,apr,430,1,-1,0,unknown,1
464,32,blue-collar,married,secondary,0,889,1,0,cellular,10,sep,185,1,99,5,success,1
473,61,admin.,married,secondary,0,4608,0,0,cellular,12,mar,212,1,-1,0,unknown,1
477,77,retired,married,tertiary,0,7802,0,0,telephone,4,may,421,1,92,2,success,1
492,53,admin.,married,secondary,0,1796,0,0,telephone,16,mar,295,1,91,2,success,1
493,46,admin.,married,secondary,0,22,0,0,cellular,26,aug,388,6,-1,0,unknown,1
494,44,technician,single,secondary,0,244,1,0,cellular,12,aug,1735,4,-1,0,unknown,1
503,19,student,single,primary,0,103,0,0,cellular,10,jul,104,2,-1,0,unknown,1
509,30,blue-collar,single,secondary,0,315,0,0,cellular,23,jun,1407,1,-1,0,unknown,1
512,52,technician,married,secondary,0,195,1,0,cellular,18,feb,220,1,63,5,failure,1
517,36,blue-collar,married,primary,0,1925,1,0,cellular,20,apr,904,2,-1,0,unknown,1
540,47,admin.,single,secondary,0,3696,0,0,cellular,12,jul,250,2,181,4,success,1
557,43,management,single,tertiary,0,1304,0,0,cellular,6,aug,501,2,-1,0,unknown,1
558,41,blue-collar,married,secondary,1,720,0,1,cellular,24,jul,651,1,-1,0,unknown,1
581,28,technician,single,secondary,0,227,0,0,cellular,30,apr,278,1,-1,0,unknown,1
603,32,services,single,secondary,0,2881,0,0,cellular,2,jul,356,1,-1,0,unknown,1
613,41,self-employed,married,tertiary,0,231,0,0,cellular,7,aug,352,2,-1,0,unknown,1
619,35,technician,married,tertiary,0,7050,0,0,cellular,11,aug,222,3,182,4,success,1
630,30,management,single,tertiary,0,2,1,1,cellular,25,jul,1031,8,-1,0,unknown,1
634,58,self-employed,divorced,tertiary,0,1382,0,0,unknown,9,jun,700,1,-1,0,unknown,1
639,27,management,single,tertiary,0,703,1,0,unknown,5,jun,590,3,-1,0,unknown,1
643,39,management,married,tertiary,0,2763,1,0,unknown,2,jun,526,2,-1,0,unknown,1
645,46,self-employed,married,secondary,0,548,0,0,cellular,12,aug,1181,4,-1,0,unknown,1
661,28,management,single,tertiary,0,0,1,0,cellular,16,jul,767,5,-1,0,unknown,1
662,38,technician,single,tertiary,0,25,1,0,cellular,1,jun,232,2,-1,0,unknown,1
684,28,services,single,secondary,0,168,0,0,cellular,1,jun,347,3,140,2,success,1
702,32,management,divorced,tertiary,0,874,0,0,cellular,12,aug,1282,6,-1,0,unknown,1
704,59,retired,married,unknown,0,1033,0,0,unknown,11,jun,1199,1,-1,0,unknown,1
705,35,self-employed,divorced,tertiary,0,1354,1,0,unknown,23,may,736,2,-1,0,unknown,1
732,50,management,married,tertiary,0,3463,0,1,cellular,28,oct,96,1,-1,0,unknown,1
737,36,technician,married,secondary,0,480,0,0,cellular,20,oct,213,1,-1,0,unknown,1
741,28,management,single,secondary,0,1633,0,0,cellular,5,jun,275,1,-1,0,unknown,1
743,55,retired,married,primary,0,3334,0,0,cellular,14,aug,632,4,-1,0,unknown,1
756,48,management,married,tertiary,0,1167,1,1,cellular,1,jun,264,1,-1,0,unknown,1
794,29,blue-collar,single,secondary,0,908,1,0,unknown,20,jun,1663,1,-1,0,unknown,1
809,34,management,married,tertiary,0,703,1,0,cellular,14,apr,342,1,-1,0,unknown,1
823,43,management,married,tertiary,0,1429,1,0,cellular,19,nov,1015,1,198,2,other,1
831,47,blue-collar,married,secondary,0,1996,0,0,unknown,5,jun,761,2,-1,0,unknown,1
837,39,services,single,secondary,0,7066,1,0,cellular,15,may,667,3,357,3,other,1
849,55,housemaid,divorced,primary,0,976,0,0,cellular,28,jun,345,1,94,3,other,1
855,46,management,divorced,tertiary,0,624,0,0,cellular,17,sep,336,2,183,2,success,1
862,41,admin.,single,secondary,0,1020,1,0,unknown,19,may,882,1,-1,0,unknown,1
871,31,housemaid,single,primary,0,26965,0,0,cellular,21,apr,654,2,-1,0,unknown,1
880,26,admin.,single,secondary,0,255,0,0,cellular,30,apr,457,1,80,1,success,1
886,60,technician,married,primary,0,65,1,0,unknown,9,may,1028,2,-1,0,unknown,1
892,27,student,single,tertiary,0,5291,0,0,cellular,12,nov,192,2,92,2,failure,1
905,28,services,single,secondary,0,198,0,0,cellular,5,jul,128,2,-1,0,unknown,1
940,34,blue-collar,divorced,unknown,0,172,0,0,cellular,15,jun,177,1,-1,0,unknown,1
941,34,management,married,tertiary,0,0,1,0,cellular,7,aug,262,1,99,2,success,1
944,40,blue-collar,married,secondary,0,1451,0,0,cellular,1,jun,314,1,-1,0,unknown,1
945,41,technician,married,secondary,0,1066,0,0,cellular,11,feb,109,3,-1,0,unknown,1
965,33,management,single,tertiary,0,3143,0,0,cellular,29,jun,421,2,-1,0,unknown,1
970,58,self-employed,married,primary,0,1013,1,0,cellular,11,aug,206,1,461,1,failure,1
975,34,blue-collar,single,secondary,0,215,0,0,cellular,3,mar,350,3,-1,0,unknown,1
980,43,management,divorced,tertiary,0,388,1,0,unknown,8,may,2087,2,-1,0,unknown,1
984,59,self-employed,married,tertiary,0,2013,0,0,cellular,19,feb,222,4,94,2,success,1
991,37,admin.,married,tertiary,0,3913,1,0,cellular,27,apr,124,1,-1,0,unknown,1
1007,45,technician,single,secondary,0,410,1,0,unknown,30,may,891,4,-1,0,unknown,1
1017,49,blue-collar,married,secondary,0,-454,1,0,cellular,14,may,558,1,-1,0,unknown,1
1019,53,retired,married,secondary,0,665,1,0,cellular,22,apr,371,2,-1,0,unknown,1
1020,42,technician,married,secondary,0,994,1,0,cellular,11,aug,149,1,78,5,failure,1
1021,45,admin.,married,secondary,0,5346,1,1,unknown,21,oct,187,1,-1,0,unknown,1
1025,56,retired,married,secondary,0,1044,0,0,telephone,3,jul,353,2,-1,0,unknown,1
1040,55,blue-collar,divorced,secondary,0,1613,1,0,cellular,3,apr,296,1,270,3,failure,1
1048,34,services,married,secondary,0,1337,0,0,cellular,17,dec,330,2,127,3,success,1
1056,63,entrepreneur,married,secondary,0,3904,0,0,telephone,4,aug,250,2,187,2,success,1
1060,48,management,married,tertiary,0,1147,0,0,cellular,5,aug,389,1,64,2,success,1
1070,36,blue-collar,married,secondary,0,1049,1,0,cellular,14,may,224,4,-1,0,unknown,1
1076,54,unknown,married,secondary,0,2206,0,0,cellular,12,nov,104,1,99,2,other,1
1077,38,admin.,married,tertiary,0,1988,0,0,cellular,27,mar,164,2,130,2,failure,1
1085,33,blue-collar,married,secondary,0,661,1,0,cellular,18,jul,968,1,-1,0,unknown,1
1109,59,technician,married,secondary,0,1,0,0,cellular,15,apr,159,2,378,3,failure,1
1111,37,technician,married,secondary,0,480,0,0,cellular,22,oct,344,2,182,8,other,1
1124,37,technician,married,unknown,0,189,0,0,cellular,1,oct,238,1,107,2,success,1
1135,57,retired,married,tertiary,0,0,1,1,unknown,28,may,648,1,-1,0,unknown,1
1142,60,management,divorced,tertiary,0,366,0,0,cellular,3,jun,593,1,-1,0,unknown,1
1151,44,admin.,married,secondary,0,205,0,0,cellular,3,nov,289,1,-1,0,unknown,1
1166,32,technician,single,tertiary,0,5514,0,0,cellular,22,apr,319,1,182,1,success,1
1168,33,management,married,tertiary,0,273,1,0,unknown,16,may,803,1,-1,0,unknown,1
1177,28,self-employed,single,tertiary,0,4579,0,0,cellular,12,jan,409,2,-1,0,unknown,1
1179,37,management,married,tertiary,0,5106,0,0,cellular,30,apr,244,1,-1,0,unknown,1
1180,31,technician,married,tertiary,0,636,1,0,cellular,4,may,352,4,-1,0,unknown,1
1181,34,services,married,secondary,0,1076,0,0,cellular,12,may,152,1,182,6,success,1
1190,54,retired,divorced,tertiary,0,0,0,0,unknown,13,may,618,1,-1,0,unknown,1
1206,61,management,married,tertiary,0,6016,0,0,cellular,2,feb,670,3,-1,0,unknown,1
1212,36,management,single,tertiary,0,490,0,0,cellular,28,aug,207,8,98,1,failure,1
1230,75,retired,divorced,secondary,0,1341,0,0,cellular,18,dec,415,7,-1,0,unknown,1
1249,60,blue-collar,married,primary,0,493,0,0,cellular,18,aug,671,4,-1,0,unknown,1
1266,54,unknown,married,unknown,0,895,0,0,cellular,7,oct,335,1,-1,0,unknown,1
1269,27,technician,single,secondary,0,158,0,0,unknown,1,jul,650,2,-1,0,unknown,1
1276,41,management,divorced,tertiary,0,5037,0,0,cellular,23,apr,252,9,185,5,other,1
1277,46,admin.,divorced,secondary,0,2232,0,0,cellular,13,feb,121,1,-1,0,unknown,1
1287,31,management,married,tertiary,0,2603,1,0,cellular,11,feb,280,4,-1,0,unknown,1
1297,32,management,single,tertiary,0,41,0,0,cellular,21,aug,686,5,-1,0,unknown,1
1300,59,retired,divorced,secondary,0,5845,0,0,cellular,14,may,1060,2,-1,0,unknown,1
1303,42,management,married,unknown,0,1519,0,0,cellular,19,oct,230,1,92,1,success,1
1312,80,retired,married,secondary,0,8304,0,0,telephone,9,jun,712,1,64,12,failure,1
1319,49,management,married,secondary,0,1623,1,0,cellular,19,nov,1081,2,-1,0,unknown,1
1332,45,admin.,married,secondary,0,204,1,0,cellular,3,jun,224,2,-1,0,unknown,1
1334,32,management,single,tertiary,0,311,0,0,unknown,12,may,757,2,-1,0,unknown,1
1342,27,admin.,married,secondary,0,710,1,1,cellular,6,may,653,1,334,2,success,1
1343,47,technician,married,secondary,0,1233,1,0,unknown,11,sep,91,1,100,2,other,1
1344,28,management,single,secondary,0,171,0,0,cellular,10,mar,93,1,-1,0,unknown,1
1349,83,retired,married,primary,0,425,0,0,telephone,22,jun,883,1,140,1,failure,1
1379,46,admin.,married,secondary,0,368,0,0,cellular,20,aug,293,1,90,4,other,1
1395,38,technician,married,tertiary,0,3234,0,0,cellular,18,nov,578,2,-1,0,unknown,1
1411,35,blue-collar,single,secondary,0,0,1,0,cellular,16,apr,1174,1,345,4,other,1
1418,38,services,single,secondary,0,2253,1,0,cellular,13,may,937,3,-1,0,unknown,1
1425,36,management,married,tertiary,0,495,0,0,cellular,5,aug,157,3,97,2,success,1
1431,59,retired,single,secondary,0,351,1,0,unknown,27,may,1063,5,-1,0,unknown,1
1435,64,retired,married,secondary,0,1574,0,0,telephone,29,jul,301,3,-1,0,unknown,1
1437,77,retired,married,tertiary,0,0,0,0,cellular,16,oct,847,1,60,1,success,1
1440,56,housemaid,divorced,primary,1,1238,0,0,unknown,5,jun,1558,1,-1,0,unknown,1
1446,32,technician,single,tertiary,0,4665,1,0,unknown,21,may,860,2,-1,0,unknown,1
1449,31,management,married,tertiary,0,1224,1,1,cellular,24,jul,1441,2,-1,0,unknown,1
1454,45,services,single,primary,0,1893,1,0,unknown,3,jun,1259,6,-1,0,unknown,1
1458,36,management,married,tertiary,0,2987,1,0,cellular,12,aug,307,1,-1,0,unknown,1
1464,31,blue-collar,married,secondary,0,1766,0,1,cellular,5,jun,166,2,-1,0,unknown,1
1467,53,services,divorced,secondary,0,0,0,0,cellular,12,mar,80,2,-1,0,unknown,1
1469,59,technician,married,secondary,0,259,0,0,cellular,15,jun,415,1,89,1,success,1
1485,29,technician,single,secondary,0,113,0,0,cellular,12,feb,328,2,183,4,success,1
1501,46,technician,married,secondary,0,57,0,0,unknown,28,may,796,1,-1,0,unknown,1
1504,47,admin.,divorced,secondary,0,225,0,0,cellular,28,aug,1126,4,-1,0,unknown,1
1509,42,admin.,divorced,secondary,0,936,0,0,cellular,30,jan,931,1,-1,0,unknown,1
1532,33,technician,married,secondary,0,133,0,0,cellular,4,may,218,1,-1,0,unknown,1
1534,54,management,divorced,tertiary,0,2171,1,1,telephone,18,nov,1034,1,-1,0,unknown,1
1557,28,student,single,tertiary,0,1562,0,0,cellular,15,feb,659,4,-1,0,unknown,1
1574,42,management,divorced,unknown,0,7702,0,0,cellular,16,feb,138,2,-1,0,unknown,1
1604,49,management,single,tertiary,0,151,1,0,cellular,8,jul,97,3,-1,0,unknown,1
1611,46,management,divorced,tertiary,0,1297,0,0,cellular,11,aug,716,3,-1,0,unknown,1
1638,39,self-employed,single,tertiary,0,426,0,0,unknown,18,jun,1029,1,-1,0,unknown,1
1653,53,blue-collar,married,primary,0,306,0,0,cellular,28,jul,388,3,181,1,success,1
1663,52,blue-collar,divorced,primary,0,-191,1,0,unknown,15,may,755,1,-1,0,unknown,1
1672,47,services,single,unknown,0,1784,0,0,cellular,19,oct,385,2,-1,0,unknown,1
1680,32,technician,single,secondary,0,0,0,0,cellular,18,aug,594,4,-1,0,unknown,1
1693,37,technician,single,secondary,0,2442,0,0,cellular,16,feb,91,3,-1,0,unknown,1
1695,43,admin.,married,secondary,0,132,0,0,cellular,19,aug,574,1,84,3,success,1
1698,31,management,single,tertiary,0,3283,0,0,cellular,2,feb,258,1,73,1,failure,1
1704,35,management,single,tertiary,0,5958,1,0,cellular,22,mar,215,1,-1,0,unknown,1
1705,25,student,single,secondary,0,304,0,0,cellular,26,may,226,2,-1,0,unknown,1
1706,32,blue-collar,single,secondary,0,118,1,0,cellular,17,jul,1275,1,-1,0,unknown,1
1709,46,admin.,married,secondary,0,70,1,0,cellular,27,mar,229,2,-1,0,unknown,1
1719,48,management,married,secondary,0,4415,1,0,cellular,8,apr,1032,3,141,7,failure,1
1727,34,technician,married,tertiary,0,197,0,0,cellular,20,aug,78,3,-1,0,unknown,1
1729,53,admin.,single,secondary,0,2398,1,0,cellular,2,aug,317,1,180,2,failure,1
1736,40,admin.,single,secondary,0,100,1,0,cellular,11,aug,221,1,461,1,success,1
1739,49,housemaid,married,primary,0,889,0,0,telephone,7,jul,388,1,-1,0,unknown,1
1748,49,admin.,married,secondary,0,197,1,0,cellular,13,apr,223,1,182,2,failure,1
1754,29,management,single,tertiary,0,1445,0,0,cellular,26,apr,328,2,143,2,success,1
1755,38,technician,married,secondary,0,226,1,0,unknown,30,may,762,3,-1,0,unknown,1
1760,35,technician,married,secondary,0,0,1,0,cellular,9,nov,524,1,96,5,success,1
1763,57,blue-collar,married,secondary,0,2887,0,0,cellular,21,aug,819,10,-1,0,unknown,1
1767,51,management,single,tertiary,0,297,1,0,cellular,15,may,415,4,375,1,failure,1
1822,31,management,married,tertiary,0,156,0,0,cellular,13,aug,657,7,-1,0,unknown,1
1837,39,technician,divorced,tertiary,1,3,0,0,cellular,6,may,488,1,-1,0,unknown,1
1844,54,management,married,tertiary,0,8295,0,0,cellular,5,jun,207,1,-1,0,unknown,1
1846,51,self-employed,married,secondary,0,95,1,0,cellular,23,jul,1309,4,-1,0,unknown,1
1854,34,management,single,tertiary,0,2646,0,0,cellular,14,apr,142,1,-1,0,unknown,1
1862,47,blue-collar,married,secondary,0,1230,1,0,cellular,30,apr,412,1,169,1,success,1
1872,34,admin.,married,secondary,0,247,0,0,cellular,8,oct,401,2,-1,0,unknown,1
1876,26,blue-collar,single,primary,0,-887,1,0,cellular,18,may,827,2,-1,0,unknown,1
1886,39,technician,divorced,secondary,0,902,1,0,cellular,10,feb,691,2,180,5,failure,1
1889,42,management,married,tertiary,0,1205,0,0,telephone,8,sep,376,2,-1,0,unknown,1
1899,40,management,single,tertiary,0,1361,0,0,cellular,29,jan,1473,1,-1,0,unknown,1
1904,28,student,single,tertiary,0,0,0,0,cellular,28,sep,294,2,105,7,other,1
1905,46,management,married,tertiary,0,273,1,0,cellular,18,mar,910,2,184,4,success,1
1913,48,housemaid,married,primary,0,7195,0,0,cellular,21,nov,609,2,-1,0,unknown,1
1914,30,services,single,tertiary,0,-477,0,1,cellular,21,aug,1532,2,-1,0,unknown,1
1915,29,management,single,tertiary,0,1026,0,0,cellular,12,nov,226,1,92,1,other,1
1917,53,unemployed,married,primary,0,980,1,0,cellular,3,dec,352,1,-1,0,unknown,1
1927,71,retired,married,primary,0,4657,0,0,cellular,16,feb,93,5,-1,0,unknown,1
1928,22,student,single,primary,0,3472,0,0,cellular,20,oct,332,1,183,3,failure,1
1934,27,technician,single,secondary,0,489,1,0,cellular,30,jul,356,4,-1,0,unknown,1
1940,27,student,single,secondary,0,213,0,0,cellular,27,mar,378,1,-1,0,unknown,1
1946,42,services,divorced,secondary,0,257,1,0,cellular,12,may,955,2,-1,0,unknown,1
1952,41,admin.,divorced,secondary,0,6046,1,1,telephone,15,mar,300,6,182,2,success,1
1962,25,unemployed,single,tertiary,0,343,0,0,cellular,1,jun,377,1,-1,0,unknown,1
1974,44,technician,single,secondary,0,7138,0,0,cellular,8,aug,809,2,-1,0,unknown,1
1991,37,entrepreneur,divorced,tertiary,0,66,0,0,cellular,18,nov,1164,2,-1,0,unknown,1
1994,44,management,married,primary,0,4758,1,0,cellular,22,jul,712,6,-1,0,unknown,1
2014,74,retired,divorced,secondary,0,4079,0,0,cellular,19,oct,343,3,-1,0,unknown,1
2015,40,management,single,tertiary,0,0,1,0,cellular,23,feb,228,2,182,6,failure,1
2017,34,technician,single,tertiary,0,925,1,0,cellular,13,apr,709,1,-1,0,unknown,1
2032,59,management,married,primary,0,1727,0,0,telephone,25,may,500,4,358,2,failure,1
2033,41,blue-collar,divorced,primary,0,664,0,1,cellular,15,jul,955,5,-1,0,unknown,1
2037,30,management,married,tertiary,0,1942,1,1,cellular,21,nov,436,2,178,3,other,1
2049,59,technician,married,primary,0,4198,0,0,cellular,14,jan,309,1,91,10,success,1
2051,31,admin.,single,secondary,0,747,1,0,unknown,26,may,543,2,-1,0,unknown,1
2055,48,technician,married,secondary,0,568,1,0,cellular,2,sep,378,2,386,1,success,1
2068,47,technician,married,secondary,0,1167,1,0,cellular,30,apr,968,1,87,5,failure,1
2073,33,blue-collar,single,secondary,0,697,0,0,cellular,6,feb,860,2,-1,0,unknown,1
2077,30,management,single,tertiary,0,201,1,0,cellular,17,mar,325,2,-1,0,unknown,1
2089,38,management,single,tertiary,0,104,1,0,cellular,6,may,606,3,-1,0,unknown,1
2114,33,management,married,tertiary,0,1412,1,0,unknown,19,aug,480,1,-1,0,unknown,1
2120,62,retired,divorced,tertiary,0,0,0,0,cellular,13,nov,227,2,-1,0,unknown,1
2122,48,unemployed,married,secondary,0,817,0,0,cellular,14,jan,517,1,282,4,success,1
2129,41,admin.,married,primary,0,-306,1,0,unknown,15,may,500,1,-1,0,unknown,1
2131,35,housemaid,married,tertiary,0,1265,1,0,cellular,15,may,326,5,179,4,failure,1
2140,47,housemaid,single,tertiary,0,3727,0,0,unknown,12,jun,993,6,-1,0,unknown,1
2143,37,management,married,tertiary,0,4089,1,0,cellular,2,feb,289,2,174,4,other,1
2148,62,management,married,tertiary,0,1859,0,0,telephone,6,aug,245,3,-1,0,unknown,1
2159,33,services,married,secondary,0,386,0,0,cellular,12,nov,253,1,92,4,failure,1
2168,40,services,married,secondary,0,1836,1,0,cellular,12,may,750,2,-1,0,unknown,1
2176,28,blue-collar,single,secondary,0,-46,1,0,cellular,1,sep,199,1,92,14,success,1
2182,43,entrepreneur,married,secondary,0,104,1,0,cellular,18,jul,635,3,-1,0,unknown,1
2195,23,entrepreneur,single,primary,0,4,1,0,unknown,13,may,395,2,-1,0,unknown,1
2202,29,management,married,tertiary,0,199,1,1,unknown,7,may,1689,4,-1,0,unknown,1
2212,34,management,married,tertiary,0,3301,1,0,cellular,17,jun,485,2,227,4,failure,1
2213,24,student,single,secondary,0,822,0,0,cellular,27,oct,184,1,91,2,failure,1
2219,44,technician,married,secondary,0,2776,1,0,cellular,27,jan,701,1,-1,0,unknown,1
2220,33,blue-collar,married,secondary,0,139,1,1,cellular,18,may,732,2,291,5,failure,1
2233,24,services,married,secondary,0,4500,1,0,cellular,11,may,733,2,-1,0,unknown,1
2251,37,management,married,tertiary,0,238,0,0,cellular,3,feb,185,1,92,1,success,1
2259,41,management,married,tertiary,0,326,1,0,cellular,5,may,788,1,-1,0,unknown,1
2274,35,admin.,single,secondary,0,0,1,0,cellular,13,may,1073,1,-1,0,unknown,1
2296,32,blue-collar,married,secondary,0,1905,1,0,cellular,16,jul,709,2,-1,0,unknown,1
2321,27,services,single,secondary,0,54,1,0,unknown,28,may,543,2,-1,0,unknown,1
2332,30,management,married,tertiary,0,102,1,0,cellular,5,apr,470,7,426,3,other,1
2370,37,technician,single,secondary,0,-242,1,0,cellular,13,aug,1149,6,-1,0,unknown,1
2372,43,services,single,secondary,0,3403,1,0,cellular,12,nov,707,2,97,2,success,1
2375,26,unemployed,single,secondary,0,622,0,0,cellular,28,jan,1451,2,-1,0,unknown,1
2376,35,services,married,secondary,0,152,1,0,unknown,2,jun,563,1,-1,0,unknown,1
2419,41,blue-collar,single,secondary,1,-386,0,1,cellular,20,nov,477,1,-1,0,unknown,1
2421,44,management,single,tertiary,0,5063,0,0,cellular,27,oct,418,2,-1,0,unknown,1
2431,42,unemployed,married,secondary,0,1289,0,0,cellular,15,jul,250,4,415,2,failure,1
2433,73,retired,married,primary,0,796,0,0,cellular,23,oct,427,1,182,2,failure,1
2436,51,technician,married,secondary,0,117,0,0,cellular,24,aug,467,2,88,4,other,1
2444,35,management,married,secondary,0,724,1,0,cellular,14,jul,287,2,415,1,failure,1
2449,36,management,married,tertiary,0,925,0,0,cellular,14,dec,321,3,189,4,success,1
2464,23,technician,single,tertiary,0,1129,1,0,unknown,28,may,806,1,-1,0,unknown,1
2471,22,student,single,secondary,0,2488,0,0,cellular,8,nov,449,2,38,10,other,1
2477,53,unknown,married,primary,0,732,0,0,cellular,27,oct,759,2,-1,0,unknown,1
2480,35,admin.,divorced,secondary,0,3636,0,1,cellular,21,nov,808,2,-1,0,unknown,1
2486,50,unknown,married,unknown,0,558,0,0,cellular,9,jul,464,1,683,6,failure,1
2499,37,management,married,tertiary,0,5355,0,0,telephone,17,feb,466,4,-1,0,unknown,1
2512,53,housemaid,married,primary,0,104,0,1,unknown,5,jun,701,1,-1,0,unknown,1
2539,44,technician,divorced,secondary,0,14,0,0,cellular,13,nov,167,1,92,1,success,1
2540,31,management,married,tertiary,0,4148,1,0,cellular,21,nov,316,3,99,9,other,1
2553,33,management,married,tertiary,0,1064,1,0,cellular,13,may,562,1,-1,0,unknown,1
2556,34,admin.,divorced,secondary,0,479,1,0,cellular,12,may,515,1,350,5,failure,1
2568,61,retired,married,secondary,0,2917,0,0,cellular,6,oct,215,1,-1,0,unknown,1
2583,52,technician,married,tertiary,0,2557,0,0,cellular,28,jan,134,5,204,2,success,1
2619,49,services,married,secondary,0,823,0,0,cellular,8,aug,780,4,-1,0,unknown,1
2633,50,management,single,tertiary,0,1200,0,0,cellular,14,aug,904,3,-1,0,unknown,1
2644,36,management,married,tertiary,0,9,0,0,cellular,11,aug,386,4,-1,0,unknown,1
2653,45,blue-collar,single,secondary,0,0,1,0,cellular,26,apr,1472,1,192,4,failure,1
2654,36,management,married,tertiary,0,1133,1,0,cellular,4,aug,293,1,181,2,other,1
2655,42,technician,married,secondary,0,4945,1,0,cellular,2,mar,311,2,-1,0,unknown,1
2665,27,student,single,tertiary,0,3733,1,0,cellular,22,may,198,1,98,6,success,1
2674,31,management,married,tertiary,0,325,1,0,cellular,18,jul,1139,2,-1,0,unknown,1
2675,29,management,single,tertiary,0,437,0,0,cellular,5,aug,504,1,92,1,success,1
2685,45,admin.,divorced,secondary,0,0,0,0,cellular,29,oct,264,1,-1,0,unknown,1
2696,55,management,divorced,tertiary,0,9756,1,0,cellular,5,jun,103,2,95,1,other,1
2697,25,management,single,tertiary,0,2506,0,0,cellular,17,feb,485,1,-1,0,unknown,1
2705,41,blue-collar,single,secondary,0,75,1,0,unknown,1,jul,479,9,-1,0,unknown,1
2717,29,technician,single,tertiary,0,2325,0,0,cellular,2,feb,125,1,-1,0,unknown,1
2719,32,technician,single,secondary,0,230,1,0,cellular,18,may,442,1,266,8,failure,1
2722,53,blue-collar,married,secondary,0,25,0,0,cellular,22,aug,528,2,-1,0,unknown,1
2746,47,technician,married,secondary,0,1219,0,0,cellular,18,aug,697,4,-1,0,unknown,1
2748,40,blue-collar,married,secondary,0,-839,1,1,cellular,16,jul,1018,2,-1,0,unknown,1
2760,61,management,married,secondary,0,985,0,0,cellular,18,aug,998,6,-1,0,unknown,1
2773,35,management,divorced,tertiary,0,0,1,0,telephone,29,oct,171,1,-1,0,unknown,1
2780,19,student,single,secondary,0,302,0,0,cellular,16,jul,205,1,-1,0,unknown,1
2821,46,technician,divorced,secondary,0,-90,0,1,telephone,17,oct,270,1,-1,0,unknown,1
2822,38,entrepreneur,married,tertiary,0,170,1,0,cellular,18,may,442,1,-1,0,unknown,1
2823,37,technician,single,secondary,0,3665,0,0,cellular,12,aug,664,3,-1,0,unknown,1
2826,39,management,married,tertiary,0,763,1,0,cellular,11,may,877,7,300,2,other,1
2827,49,services,married,secondary,0,320,0,0,telephone,9,feb,1971,4,-1,0,unknown,1
2837,43,blue-collar,married,secondary,0,699,1,1,cellular,20,nov,1258,2,122,2,other,1
2845,44,management,married,tertiary,0,1058,0,0,cellular,11,mar,188,3,-1,0,unknown,1
2847,38,technician,married,secondary,0,6728,0,0,cellular,25,nov,232,1,96,4,success,1
2851,32,technician,single,tertiary,0,1625,0,0,cellular,22,may,796,1,109,1,failure,1
2865,51,housemaid,divorced,secondary,0,9228,0,0,cellular,18,jul,655,4,-1,0,unknown,1
2871,32,management,married,tertiary,0,2431,1,0,cellular,14,may,646,5,-1,0,unknown,1
2887,35,technician,single,tertiary,0,470,1,0,cellular,25,jul,743,13,-1,0,unknown,1
2891,32,management,single,tertiary,0,0,0,0,cellular,5,feb,550,4,-1,0,unknown,1
2911,34,housemaid,married,secondary,0,0,1,0,unknown,30,oct,154,1,-1,0,unknown,1
2915,56,retired,divorced,primary,0,694,0,0,cellular,29,jan,144,1,102,1,other,1
2917,41,technician,single,tertiary,0,1646,1,0,cellular,4,feb,261,1,184,6,success,1
2924,49,blue-collar,married,secondary,0,2039,1,0,cellular,6,may,451,1,169,2,failure,1
2940,61,technician,married,secondary,0,1191,0,0,cellular,21,may,214,4,-1,0,unknown,1
2944,45,management,married,tertiary,0,242,0,0,cellular,30,apr,587,1,-1,0,unknown,1
2948,36,management,single,secondary,0,1511,1,0,cellular,16,nov,270,1,-1,0,unknown,1
2953,22,student,single,tertiary,0,691,0,0,cellular,19,aug,338,1,-1,0,unknown,1
2962,71,retired,married,tertiary,0,14220,1,0,cellular,9,sep,397,1,-1,0,unknown,1
2963,31,management,single,tertiary,0,12569,0,0,cellular,9,sep,344,1,295,1,failure,1
2972,56,admin.,married,secondary,0,45,0,0,unknown,5,may,1467,1,-1,0,unknown,1
2973,46,admin.,married,secondary,0,556,1,1,unknown,15,may,646,3,-1,0,unknown,1
2980,55,retired,divorced,secondary,0,1580,0,1,unknown,19,jun,1007,1,-1,0,unknown,1
2985,34,technician,single,secondary,0,16,0,0,cellular,13,aug,990,1,-1,0,unknown,1
2988,38,entrepreneur,single,secondary,0,2543,0,0,cellular,10,aug,223,1,414,4,failure,1
3005,60,admin.,married,secondary,0,3735,0,0,cellular,22,dec,190,1,188,9,success,1
3006,51,self-employed,married,unknown,0,2094,0,0,cellular,8,jun,458,6,-1,0,unknown,1
3013,49,technician,married,tertiary,0,523,1,0,cellular,3,mar,152,2,-1,0,unknown,1
3027,40,management,married,tertiary,0,0,0,0,cellular,10,nov,147,1,96,8,success,1
3029,39,blue-collar,married,primary,0,2303,1,0,unknown,17,jun,775,3,-1,0,unknown,1
3033,50,technician,divorced,secondary,0,-54,1,1,cellular,13,may,698,2,292,1,failure,1
3036,73,retired,married,primary,0,279,0,0,cellular,28,jan,399,3,-1,0,unknown,1
3040,34,admin.,married,secondary,0,2374,1,0,cellular,9,nov,161,1,209,2,failure,1
3064,43,management,single,tertiary,0,1696,1,0,cellular,26,aug,257,1,474,3,failure,1
3073,67,retired,married,tertiary,0,701,0,0,cellular,6,aug,254,2,-1,0,unknown,1
3080,33,services,married,secondary,0,478,0,0,cellular,30,apr,475,2,-1,0,unknown,1
3088,31,technician,single,secondary,0,2544,0,0,cellular,15,jul,252,1,184,3,success,1
3117,30,blue-collar,single,secondary,0,2145,1,0,cellular,18,may,727,2,-1,0,unknown,1
3123,47,services,married,secondary,0,405,0,1,cellular,8,aug,994,2,-1,0,unknown,1
3135,48,management,married,tertiary,0,1808,1,0,cellular,26,feb,245,1,-1,0,unknown,1
3141,32,admin.,single,secondary,0,678,1,0,cellular,4,feb,1579,1,246,4,failure,1
3160,27,management,married,tertiary,0,802,0,0,cellular,22,sep,569,1,-1,0,unknown,1
3161,24,technician,married,secondary,0,556,1,0,cellular,18,aug,460,2,-1,0,unknown,1
3176,28,admin.,single,secondary,0,4745,0,0,telephone,12,may,360,1,181,5,success,1
3184,34,management,single,tertiary,0,5086,0,0,cellular,25,may,213,4,-1,0,unknown,1
3187,63,retired,married,secondary,0,474,0,0,cellular,25,jan,423,1,-1,0,unknown,1
3202,79,retired,married,primary,0,8556,0,0,telephone,18,jan,326,2,272,2,success,1
3219,72,retired,married,primary,0,763,0,0,cellular,24,apr,384,2,-1,0,unknown,1
3224,55,management,married,tertiary,0,-375,0,0,cellular,30,jul,814,2,-1,0,unknown,1
3229,41,management,married,primary,0,5310,1,0,cellular,17,nov,984,1,-1,0,unknown,1
3239,52,blue-collar,married,secondary,0,2087,1,0,cellular,31,aug,267,1,474,1,failure,1
3248,59,retired,divorced,secondary,0,1026,0,0,unknown,5,nov,669,1,-1,0,unknown,1
3250,54,technician,married,tertiary,0,876,0,0,cellular,27,oct,269,3,541,3,success,1
3256,36,management,married,tertiary,0,495,0,0,cellular,12,mar,213,3,182,6,success,1
3271,36,blue-collar,married,secondary,0,4438,1,0,unknown,20,may,446,1,-1,0,unknown,1
3297,28,self-employed,single,tertiary,0,442,0,0,cellular,19,jun,474,3,95,3,other,1
3301,60,services,married,tertiary,0,4256,1,0,cellular,16,aug,239,3,761,1,other,1
3304,64,retired,married,tertiary,0,846,0,0,cellular,11,feb,671,1,181,3,failure,1
3305,40,blue-collar,single,secondary,0,3,0,0,cellular,19,nov,998,1,-1,0,unknown,1
3311,87,retired,married,primary,0,230,0,0,cellular,30,oct,144,1,-1,0,unknown,1
3315,33,admin.,married,tertiary,0,79,1,0,cellular,22,oct,249,2,335,2,failure,1
3317,25,management,single,tertiary,0,808,0,0,cellular,18,sep,267,2,114,2,failure,1
3321,35,blue-collar,divorced,primary,0,1792,1,0,cellular,31,jul,630,6,-1,0,unknown,1
3331,53,management,married,unknown,0,2240,1,0,cellular,2,jun,282,2,385,1,success,1
3333,33,admin.,married,secondary,0,0,1,0,telephone,17,jul,1448,7,-1,0,unknown,1
3341,53,admin.,married,secondary,0,459,0,0,cellular,5,apr,558,1,-1,0,unknown,1
3360,79,retired,married,primary,0,429,0,0,telephone,8,jul,1006,2,-1,0,unknown,1
3367,27,admin.,married,secondary,0,897,0,0,cellular,5,jun,397,1,-1,0,unknown,1
3385,38,unknown,single,tertiary,0,0,0,0,cellular,11,sep,260,3,95,3,success,1
3394,46,services,married,secondary,0,4,0,0,cellular,30,apr,268,1,261,5,other,1
3413,33,self-employed,single,tertiary,0,61,0,0,cellular,19,aug,836,3,-1,0,unknown,1
3422,39,self-employed,married,tertiary,0,1047,0,0,unknown,6,jun,554,1,-1,0,unknown,1
3424,55,technician,married,secondary,1,-308,0,0,cellular,2,feb,781,1,-1,0,unknown,1
3431,28,student,single,secondary,0,153,0,0,cellular,23,jul,1124,2,-1,0,unknown,1
3458,71,retired,married,secondary,0,2850,0,0,cellular,17,feb,185,1,-1,0,unknown,1
3491,47,management,married,tertiary,0,2306,0,0,telephone,6,aug,239,4,-1,0,unknown,1
3498,58,services,divorced,secondary,0,462,0,0,cellular,13,nov,495,1,93,1,success,1
3502,32,management,divorced,tertiary,0,883,1,0,cellular,10,dec,798,1,185,5,other,1
3510,43,technician,married,secondary,0,136,0,0,cellular,25,aug,363,7,-1,0,unknown,1
3527,33,services,divorced,secondary,0,2411,1,0,cellular,23,oct,130,1,161,1,failure,1
3538,30,unemployed,single,tertiary,0,302,0,0,cellular,11,feb,528,3,-1,0,unknown,1
3540,58,retired,married,primary,0,565,0,0,telephone,7,jul,876,1,-1,0,unknown,1
3553,68,retired,married,secondary,0,19317,1,0,cellular,4,aug,249,1,-1,0,unknown,1
3556,49,technician,married,tertiary,0,3726,0,0,cellular,5,aug,875,2,-1,0,unknown,1
3558,61,self-employed,divorced,tertiary,0,6610,0,0,cellular,24,feb,481,2,-1,0,unknown,1
3586,43,blue-collar,married,secondary,0,2160,0,0,cellular,8,sep,261,1,98,1,success,1
3589,38,management,married,unknown,0,3576,0,0,cellular,25,nov,349,2,183,1,success,1
3642,52,management,single,tertiary,0,83,0,0,cellular,26,aug,1223,6,-1,0,unknown,1
3652,29,admin.,single,secondary,0,1070,1,0,unknown,19,may,30,1,357,1,other,1
3653,29,services,divorced,secondary,0,84,1,0,cellular,13,apr,1101,2,-1,0,unknown,1
3658,26,services,single,secondary,0,1347,0,0,telephone,18,jun,280,6,92,5,other,1
3666,32,services,married,secondary,0,38,1,0,cellular,15,may,744,1,-1,0,unknown,1
3673,36,entrepreneur,married,tertiary,0,3057,0,0,unknown,16,jun,2769,4,-1,0,unknown,1
3681,30,blue-collar,single,secondary,1,239,1,0,unknown,21,may,412,1,-1,0,unknown,1
3684,30,admin.,single,tertiary,0,305,0,0,cellular,30,apr,633,1,85,2,success,1
3690,80,housemaid,married,primary,0,0,0,0,cellular,23,feb,639,1,189,1,failure,1
3695,31,management,married,tertiary,0,1331,0,0,cellular,30,apr,297,1,86,3,success,1
3723,32,services,single,secondary,0,152,1,0,cellular,25,may,158,2,-1,0,unknown,1
3730,43,technician,married,secondary,0,3285,1,0,unknown,13,may,1721,2,-1,0,unknown,1
3733,34,technician,divorced,tertiary,0,674,1,0,cellular,7,aug,587,2,-1,0,unknown,1
3734,27,services,married,secondary,0,0,1,0,cellular,22,jul,1608,13,-1,0,unknown,1
3740,36,blue-collar,divorced,primary,0,-308,1,0,cellular,12,may,725,1,-1,0,unknown,1
3743,42,admin.,single,secondary,0,-247,1,1,telephone,21,oct,519,1,166,1,other,1
3754,36,management,single,tertiary,0,2944,0,0,cellular,18,aug,882,8,-1,0,unknown,1
3765,55,technician,divorced,secondary,0,3450,0,0,cellular,10,feb,169,1,183,1,failure,1
3771,61,management,married,tertiary,0,997,0,0,cellular,10,mar,106,1,-1,0,unknown,1
3778,35,management,married,tertiary,0,8,0,0,cellular,23,apr,93,3,-1,0,unknown,1
3780,26,management,single,tertiary,0,170,0,0,cellular,15,jun,129,1,-1,0,unknown,1
3786,74,retired,married,secondary,0,921,0,0,telephone,17,apr,394,2,-1,0,unknown,1
3789,47,management,married,tertiary,0,0,0,0,cellular,27,oct,508,1,-1,0,unknown,1
3796,66,retired,married,primary,0,206,0,0,cellular,9,feb,479,1,-1,0,unknown,1
3817,33,admin.,married,secondary,0,95,1,0,cellular,30,apr,335,1,-1,0,unknown,1
3818,53,services,divorced,secondary,0,765,1,0,cellular,14,may,959,3,174,7,other,1
3819,46,technician,divorced,secondary,0,-824,1,0,cellular,7,aug,429,3,-1,0,unknown,1
3835,29,housemaid,single,tertiary,0,19,0,0,cellular,5,feb,110,2,64,2,success,1
3843,50,unknown,married,primary,0,341,1,1,cellular,20,apr,670,4,340,2,success,1
3844,39,admin.,married,secondary,0,607,1,0,cellular,12,may,454,2,364,3,failure,1
3853,54,technician,married,secondary,0,-315,0,1,cellular,10,jul,2029,1,-1,0,unknown,1
3874,26,student,single,tertiary,0,294,0,0,cellular,5,mar,87,1,91,2,success,1
3881,44,technician,single,secondary,0,1679,0,0,telephone,20,oct,718,1,-1,0,unknown,1
3889,47,management,single,tertiary,0,4402,0,0,telephone,10,dec,805,1,190,1,other,1
3890,31,services,divorced,primary,0,459,1,0,cellular,7,may,623,1,293,1,success,1
3896,36,blue-collar,married,primary,0,1177,0,0,cellular,15,apr,330,1,311,4,success,1
3909,42,management,married,tertiary,0,2187,1,0,cellular,17,nov,525,3,-1,0,unknown,1
3914,30,technician,married,tertiary,0,569,0,0,cellular,27,aug,976,12,-1,0,unknown,1
3917,36,technician,single,secondary,1,12,0,0,cellular,12,aug,587,2,-1,0,unknown,1
3930,51,retired,divorced,secondary,0,1679,0,0,cellular,12,aug,417,1,365,9,other,1
3931,47,admin.,married,secondary,0,3676,0,0,cellular,18,oct,567,1,95,3,success,1
3932,25,management,married,tertiary,0,-242,1,1,cellular,18,may,600,4,332,4,other,1
3936,34,management,married,tertiary,0,3050,1,0,cellular,13,may,469,1,-1,0,unknown,1
3942,49,management,married,primary,0,3371,0,0,cellular,11,nov,269,2,-1,0,unknown,1
3956,44,self-employed,single,tertiary,0,2734,1,0,cellular,12,may,897,4,-1,0,unknown,1
3961,34,admin.,single,tertiary,0,18,1,1,cellular,30,apr,359,1,-1,0,unknown,1
3978,66,retired,married,tertiary,0,1948,0,0,cellular,28,jan,216,1,91,4,success,1
3995,37,blue-collar,divorced,secondary,0,0,1,0,cellular,21,apr,146,4,-1,0,unknown,1
4009,38,housemaid,divorced,secondary,0,70,0,0,cellular,27,oct,255,3,148,1,success,1
4021,46,blue-collar,married,unknown,0,9328,1,0,cellular,5,may,725,3,-1,0,unknown,1
4028,52,admin.,single,unknown,0,2227,0,0,cellular,24,feb,242,2,-1,0,unknown,1
4040,53,entrepreneur,married,primary,0,27,1,0,telephone,10,sep,230,3,-1,0,unknown,1
4061,28,blue-collar,married,secondary,0,2788,1,0,unknown,6,jun,369,2,-1,0,unknown,1
4089,32,blue-collar,married,secondary,1,-53,1,0,cellular,16,apr,648,1,272,1,other,1
4090,30,management,married,tertiary,0,944,0,0,cellular,29,oct,251,2,-1,0,unknown,1
4093,69,retired,single,tertiary,0,2144,0,0,cellular,29,jul,417,1,184,4,success,1
4108,84,retired,divorced,primary,0,639,0,0,telephone,18,may,353,3,-1,0,unknown,1
4117,25,student,single,secondary,0,8,0,0,cellular,22,apr,107,2,-1,0,unknown,1
4123,47,blue-collar,divorced,primary,0,126,1,0,unknown,3,jun,2456,2,-1,0,unknown,1
4124,50,self-employed,divorced,tertiary,0,13,1,0,cellular,20,apr,76,1,-1,0,unknown,1
4125,30,technician,married,secondary,0,-393,1,1,cellular,16,jul,435,1,-1,0,unknown,1
4148,55,entrepreneur,divorced,secondary,0,538,1,0,cellular,7,aug,353,2,-1,0,unknown,1
4159,53,unemployed,married,secondary,0,94,0,0,cellular,10,aug,493,1,181,14,success,1
4160,57,retired,married,secondary,0,1044,0,0,telephone,11,jan,585,1,192,2,success,1
4176,32,blue-collar,married,primary,0,415,1,0,unknown,2,jun,777,4,-1,0,unknown,1
4194,32,services,single,secondary,0,133,0,0,cellular,15,apr,171,1,-1,0,unknown,1
4196,48,blue-collar,married,secondary,0,480,1,0,cellular,15,may,830,1,352,2,failure,1
4198,34,management,married,tertiary,0,606,0,0,cellular,20,apr,97,1,-1,0,unknown,1
4211,27,blue-collar,single,secondary,0,3792,0,0,cellular,22,apr,279,2,-1,0,unknown,1
4213,30,technician,single,secondary,0,-522,1,1,cellular,5,may,670,2,286,6,failure,1
4215,37,unemployed,married,secondary,0,1978,0,0,cellular,9,sep,404,1,182,1,success,1
4217,38,unemployed,married,tertiary,0,2812,1,0,cellular,30,apr,830,1,-1,0,unknown,1
4220,33,blue-collar,single,secondary,0,-416,1,0,unknown,16,may,767,2,-1,0,unknown,1
4224,69,retired,married,unknown,0,426,0,0,telephone,9,mar,225,1,90,1,success,1
4225,65,unknown,married,unknown,0,4717,0,0,telephone,6,aug,256,1,-1,0,unknown,1
4229,62,self-employed,divorced,tertiary,0,6,1,0,cellular,13,oct,216,1,183,4,success,1
4231,39,services,divorced,secondary,0,687,1,0,cellular,9,jul,869,1,-1,0,unknown,1
4232,38,technician,single,secondary,0,-242,1,0,cellular,18,may,1173,3,278,6,success,1
4236,31,blue-collar,married,secondary,0,92,1,0,unknown,16,may,688,1,-1,0,unknown,1
4237,33,technician,single,secondary,0,2085,0,0,cellular,9,feb,501,2,-1,0,unknown,1
4238,36,technician,single,tertiary,0,197,0,0,cellular,30,apr,260,1,-1,0,unknown,1
4250,32,management,single,tertiary,0,2,1,0,cellular,11,sep,100,2,-1,0,unknown,1
4256,34,housemaid,married,primary,0,2929,0,0,cellular,14,aug,518,2,-1,0,unknown,1
4262,59,technician,married,secondary,0,2308,0,0,cellular,30,apr,815,1,87,1,other,1
4263,25,student,married,tertiary,0,10,1,0,cellular,21,jul,857,4,-1,0,unknown,1
4275,53,management,married,tertiary,0,15,0,0,cellular,20,aug,921,2,-1,0,unknown,1
4281,52,management,married,secondary,0,335,0,0,cellular,21,oct,411,1,182,1,failure,1
4282,34,admin.,divorced,secondary,0,-251,0,0,cellular,18,jul,641,1,-1,0,unknown,1
4300,59,retired,married,primary,0,0,0,0,cellular,5,jun,493,2,-1,0,unknown,1
4328,49,admin.,married,secondary,0,3608,1,0,unknown,13,nov,231,1,-1,0,unknown,1
4337,73,retired,married,unknown,0,519,0,0,telephone,16,oct,434,1,57,1,failure,1
4342,50,blue-collar,married,unknown,0,2284,1,0,telephone,31,jul,1088,17,-1,0,unknown,1
4350,29,blue-collar,single,secondary,0,-20,0,1,cellular,21,jul,574,1,-1,0,unknown,1
4364,63,retired,divorced,secondary,0,1490,0,0,cellular,8,jun,506,1,-1,0,unknown,1
4366,59,retired,married,secondary,0,0,0,0,unknown,5,jun,812,1,-1,0,unknown,1
4388,83,retired,divorced,primary,0,1097,0,0,telephone,5,mar,181,1,-1,0,unknown,1
4392,50,unemployed,married,secondary,0,3357,0,0,cellular,9,jun,239,4,-1,0,unknown,1
4402,41,entrepreneur,married,primary,0,39,1,0,cellular,21,nov,549,2,-1,0,unknown,1
4407,45,admin.,divorced,secondary,0,59,1,0,cellular,24,jul,873,8,-1,0,unknown,1
4416,32,blue-collar,single,secondary,0,811,1,0,cellular,14,may,563,1,-1,0,unknown,1
4423,45,management,single,tertiary,0,2048,1,0,cellular,18,oct,310,1,804,1,failure,1
4433,40,management,married,tertiary,0,-17,1,1,cellular,11,may,474,1,256,1,success,1
4447,49,blue-collar,single,primary,0,2146,1,0,cellular,7,may,1516,2,353,2,other,1
4458,29,management,single,tertiary,0,572,0,0,cellular,16,dec,314,1,195,1,success,1
4465,38,management,single,tertiary,0,623,0,0,cellular,28,jun,297,4,144,4,other,1
4484,38,management,married,tertiary,0,3436,0,0,cellular,21,nov,663,4,-1,0,unknown,1
4494,26,technician,single,secondary,0,668,1,0,unknown,28,may,576,3,-1,0,unknown,1
4503,60,self-employed,married,primary,0,362,0,1,cellular,29,jul,816,6,-1,0,unknown,1
4504,42,blue-collar,single,secondary,0,1080,1,1,cellular,13,may,951,3,370,4,failure,1
4505,32,admin.,single,secondary,0,620,1,0,unknown,26,may,1234,3,-1,0,unknown,1
4511,46,blue-collar,married,secondary,0,668,1,0,unknown,15,may,1263,2,-1,0,unknown,1
1364,34,management,married,tertiary,0,1906,1,0,cellular,14,jul,68,3,-1,0,unknown,0
3196,46,self-employed,married,tertiary,0,137,1,1,unknown,5,may,246,1,-1,0,unknown,0
2625,42,blue-collar,married,primary,0,2111,1,0,cellular,7,may,86,2,-1,0,unknown,0
4427,42,self-employed,married,tertiary,0,0,0,0,cellular,8,aug,118,6,-1,0,unknown,0
4320,22,technician,single,secondary,0,333,0,1,telephone,12,nov,129,1,-1,0,unknown,0
2368,35,services,married,secondary,0,195,1,0,cellular,17,apr,203,1,-1,0,unknown,0
971,44,admin.,married,secondary,0,262,1,0,cellular,9,jul,74,1,-1,0,unknown,0
3767,55,housemaid,married,secondary,0,139,0,0,cellular,22,aug,256,2,-1,0,unknown,0
830,42,management,single,tertiary,0,0,0,0,cellular,7,sep,99,1,-1,0,unknown,0
4351,39,management,single,secondary,0,36,0,0,cellular,29,aug,70,2,-1,0,unknown,0
3633,36,technician,married,tertiary,0,629,1,1,cellular,29,dec,109,1,246,1,failure,0
546,47,self-employed,married,secondary,1,2,0,0,cellular,5,feb,236,2,-1,0,unknown,0
3856,42,housemaid,married,primary,0,83,0,1,cellular,7,aug,184,1,-1,0,unknown,0
964,53,management,divorced,primary,0,255,0,0,cellular,19,nov,126,1,-1,0,unknown,0
2952,37,admin.,married,secondary,0,1123,0,1,unknown,28,may,138,1,-1,0,unknown,0
1443,39,technician,single,secondary,0,102,1,0,cellular,14,aug,272,2,-1,0,unknown,0
173,32,admin.,married,secondary,0,1031,1,0,cellular,17,jul,84,1,-1,0,unknown,0
1970,35,technician,married,secondary,0,-259,1,0,cellular,29,jan,381,1,247,2,failure,0
1646,38,technician,single,tertiary,0,2273,1,0,cellular,17,apr,222,1,-1,0,unknown,0
537,26,management,single,secondary,0,63,0,0,cellular,28,jul,76,4,-1,0,unknown,0
3212,41,technician,married,tertiary,0,177,1,0,telephone,11,jul,117,2,-1,0,unknown,0
3904,32,admin.,married,secondary,0,76,1,0,unknown,21,may,189,2,-1,0,unknown,0
2344,37,management,married,tertiary,0,0,1,0,unknown,3,jun,247,13,-1,0,unknown,0
656,58,retired,divorced,primary,0,2538,1,0,cellular,31,jul,307,6,-1,0,unknown,0
3828,31,blue-collar,married,unknown,0,-120,1,0,cellular,3,feb,100,3,201,2,failure,0
3114,28,services,single,secondary,0,94,1,0,cellular,16,apr,300,1,-1,0,unknown,0
228,36,blue-collar,married,primary,0,123,1,0,cellular,18,may,9,1,-1,0,unknown,0
3441,31,admin.,married,secondary,0,0,1,1,cellular,18,nov,79,3,-1,0,unknown,0
4230,37,management,married,tertiary,0,4039,0,1,cellular,25,jul,106,2,-1,0,unknown,0
2531,67,retired,married,unknown,0,696,0,0,telephone,4,may,77,2,-1,0,unknown,0
2040,37,blue-collar,married,secondary,0,1053,0,0,unknown,16,jun,405,3,-1,0,unknown,0
1898,58,management,married,tertiary,0,3228,0,0,cellular,19,aug,58,2,-1,0,unknown,0
2975,48,technician,single,tertiary,0,-551,1,0,cellular,11,may,168,2,-1,0,unknown,0
762,32,management,single,tertiary,0,1831,1,0,cellular,20,apr,86,2,-1,0,unknown,0
3703,42,blue-collar,married,primary,0,-97,1,0,cellular,3,feb,216,4,271,5,failure,0
86,41,technician,single,secondary,0,879,0,1,cellular,7,jul,60,4,-1,0,unknown,0
4111,40,services,divorced,secondary,0,1959,1,0,unknown,30,may,177,1,-1,0,unknown,0
100,36,blue-collar,married,secondary,0,0,1,0,unknown,6,may,337,1,-1,0,unknown,0
2408,46,blue-collar,married,secondary,0,0,1,0,cellular,8,may,264,2,-1,0,unknown,0
989,52,retired,divorced,primary,0,353,0,0,cellular,31,jul,395,4,-1,0,unknown,0
3326,60,blue-collar,married,primary,0,1472,0,0,unknown,20,jun,36,4,-1,0,unknown,0
3481,40,unemployed,married,secondary,0,0,1,0,cellular,19,nov,332,1,183,1,failure,0
3560,31,blue-collar,married,secondary,0,1545,1,1,cellular,13,may,207,1,-1,0,unknown,0
4185,31,management,married,tertiary,0,271,0,0,cellular,18,nov,89,1,-1,0,unknown,0
525,57,retired,married,primary,0,5799,0,0,unknown,17,jun,97,1,-1,0,unknown,0
1953,36,admin.,single,tertiary,0,980,0,0,cellular,11,nov,118,4,104,7,failure,0
3294,40,management,married,tertiary,0,1217,1,1,cellular,18,nov,155,1,-1,0,unknown,0
539,41,admin.,married,secondary,0,920,1,1,unknown,27,may,239,1,-1,0,unknown,0
531,58,management,married,primary,0,76,1,0,telephone,18,may,54,4,-1,0,unknown,0
1525,35,blue-collar,single,unknown,0,871,1,0,unknown,6,jun,216,3,-1,0,unknown,0
1954,49,retired,married,primary,0,-37,0,0,unknown,4,jul,191,2,-1,0,unknown,0
2759,34,blue-collar,married,secondary,0,1221,1,0,cellular,6,may,182,1,90,8,failure,0
3845,31,blue-collar,married,secondary,0,1495,1,1,unknown,23,may,159,3,-1,0,unknown,0
827,32,blue-collar,single,primary,0,882,0,1,cellular,29,jul,80,8,-1,0,unknown,0
651,27,entrepreneur,single,tertiary,0,81,0,0,cellular,5,feb,197,1,199,3,failure,0
2418,31,technician,single,tertiary,0,23,0,0,cellular,25,aug,121,3,-1,0,unknown,0
2117,40,housemaid,married,primary,0,1832,0,0,cellular,6,feb,213,4,-1,0,unknown,0
3946,28,admin.,married,secondary,0,934,1,0,unknown,4,jul,53,2,-1,0,unknown,0
3051,48,management,married,tertiary,0,0,0,0,cellular,28,aug,16,16,-1,0,unknown,0
435,55,entrepreneur,divorced,tertiary,0,0,0,0,unknown,6,jun,108,2,-1,0,unknown,0
375,30,services,single,secondary,0,0,1,0,cellular,18,may,131,6,363,9,failure,0
900,33,technician,single,secondary,0,5235,0,0,cellular,7,aug,67,3,-1,0,unknown,0
2735,47,entrepreneur,married,tertiary,0,459,1,0,cellular,29,jul,189,4,-1,0,unknown,0
52,38,technician,single,secondary,0,50,0,0,cellular,29,aug,98,2,-1,0,unknown,0
1491,41,technician,married,secondary,0,351,1,0,cellular,9,jul,175,1,-1,0,unknown,0
4481,43,services,married,secondary,0,642,0,0,cellular,31,jul,644,2,-1,0,unknown,0
2138,27,technician,single,secondary,0,282,0,1,cellular,9,jul,676,5,-1,0,unknown,0
4104,40,services,married,secondary,0,1325,0,0,unknown,11,jun,150,2,-1,0,unknown,0
946,52,management,married,tertiary,0,3163,0,0,cellular,25,aug,56,6,-1,0,unknown,0
219,49,services,married,secondary,0,400,0,0,cellular,21,aug,151,3,-1,0,unknown,0
1877,40,services,married,secondary,0,4157,1,0,unknown,15,may,735,1,-1,0,unknown,0
4109,40,blue-collar,married,primary,0,177,1,1,telephone,21,jul,742,4,-1,0,unknown,0
367,32,management,single,tertiary,0,8436,1,0,cellular,17,apr,245,1,149,2,failure,0
4489,45,management,married,tertiary,0,6945,0,0,cellular,5,aug,131,5,356,3,failure,0
1247,52,management,married,tertiary,0,-11,1,0,cellular,11,may,94,4,-1,0,unknown,0
2562,46,admin.,divorced,secondary,0,7378,0,0,cellular,18,nov,466,1,-1,0,unknown,0
1460,36,technician,married,unknown,0,756,0,0,cellular,11,jul,396,3,-1,0,unknown,0
636,41,blue-collar,divorced,primary,0,2195,1,0,unknown,3,jun,211,5,-1,0,unknown,0
3365,34,entrepreneur,married,secondary,0,1847,1,0,cellular,9,apr,543,3,321,6,failure,0
2303,43,admin.,married,unknown,0,3485,0,0,unknown,18,jun,113,1,-1,0,unknown,0
2366,26,services,single,secondary,0,0,0,0,cellular,29,jul,165,23,-1,0,unknown,0
2093,47,technician,married,secondary,0,72,0,0,unknown,29,may,278,1,-1,0,unknown,0
1981,51,self-employed,married,tertiary,0,833,0,0,cellular,31,jul,77,3,-1,0,unknown,0
3948,51,management,single,tertiary,1,-55,1,0,cellular,18,aug,119,6,-1,0,unknown,0
1824,37,admin.,single,secondary,0,781,0,0,cellular,20,aug,75,1,-1,0,unknown,0
3078,36,blue-collar,married,secondary,0,1587,1,0,cellular,28,jul,200,2,-1,0,unknown,0
1424,32,student,single,tertiary,0,0,0,0,cellular,6,aug,101,5,3,6,other,0
3110,50,technician,married,secondary,0,841,1,0,unknown,29,may,54,2,-1,0,unknown,0
2415,42,management,married,tertiary,0,251,0,0,cellular,20,aug,413,2,-1,0,unknown,0
1942,66,management,married,tertiary,0,2169,0,0,cellular,7,jul,282,1,-1,0,unknown,0
3469,48,blue-collar,married,primary,0,750,1,0,cellular,18,may,90,6,-1,0,unknown,0
541,27,technician,single,unknown,0,59,0,0,cellular,15,jul,792,4,-1,0,unknown,0
3486,58,retired,married,primary,0,1987,0,0,telephone,14,jul,185,4,-1,0,unknown,0
74,56,retired,married,secondary,0,344,1,0,unknown,15,may,221,1,-1,0,unknown,0
3203,32,blue-collar,married,secondary,0,3514,1,0,unknown,20,may,226,2,-1,0,unknown,0
2771,58,unemployed,married,secondary,0,610,1,0,telephone,29,jul,246,2,-1,0,unknown,0
4456,37,management,married,primary,0,3953,1,0,cellular,6,apr,610,2,138,1,failure,0
4081,26,management,single,secondary,0,565,1,0,unknown,6,jun,582,11,-1,0,unknown,0
2144,29,blue-collar,married,secondary,0,-478,0,1,cellular,8,jul,528,2,-1,0,unknown,0
615,31,blue-collar,married,secondary,0,-45,1,0,unknown,2,jun,184,1,-1,0,unknown,0
3273,32,blue-collar,single,tertiary,0,3014,1,0,cellular,7,may,291,2,-1,0,unknown,0
1238,31,blue-collar,married,primary,0,2,1,1,cellular,10,jul,112,1,-1,0,unknown,0
961,41,blue-collar,married,secondary,0,552,1,0,cellular,12,may,463,1,-1,0,unknown,0
2236,32,admin.,divorced,secondary,1,-18,1,0,unknown,12,may,155,3,-1,0,unknown,0
875,37,admin.,married,secondary,0,11303,0,0,cellular,26,may,500,2,-1,0,unknown,0
2463,47,blue-collar,single,unknown,0,2443,0,0,unknown,18,jun,422,1,-1,0,unknown,0
2584,31,management,married,tertiary,0,2395,0,0,cellular,27,apr,218,1,-1,0,unknown,0
3593,42,blue-collar,single,primary,0,1628,1,0,cellular,5,feb,119,1,195,8,success,0
1985,29,student,single,unknown,0,145,0,0,cellular,14,aug,105,1,-1,0,unknown,0
2357,30,student,single,secondary,0,4,0,0,cellular,4,feb,443,2,-1,0,unknown,0
2333,36,services,married,secondary,0,338,0,0,unknown,14,may,90,1,-1,0,unknown,0
1949,78,retired,married,tertiary,0,226,0,0,telephone,6,nov,136,1,-1,0,unknown,0
4486,37,blue-collar,married,primary,0,378,1,0,unknown,9,may,514,1,-1,0,unknown,0
2720,46,management,divorced,secondary,0,-852,0,1,cellular,29,aug,728,2,-1,0,unknown,0
937,33,blue-collar,married,secondary,0,86,1,0,unknown,19,may,364,1,-1,0,unknown,0
2338,29,unemployed,married,secondary,0,596,0,0,cellular,30,jan,510,2,-1,0,unknown,0
2551,38,management,divorced,secondary,0,-17,0,0,cellular,21,nov,11,4,-1,0,unknown,0
3680,43,unemployed,divorced,secondary,0,4094,1,0,cellular,21,nov,63,1,-1,0,unknown,0
3787,53,blue-collar,married,secondary,0,483,1,0,cellular,3,feb,288,3,-1,0,unknown,0
4338,50,management,married,tertiary,0,19447,1,1,cellular,21,nov,166,1,-1,0,unknown,0
1410,49,technician,divorced,secondary,0,265,1,0,unknown,12,may,274,6,-1,0,unknown,0
1902,34,technician,single,secondary,0,318,0,1,cellular,25,jul,239,5,-1,0,unknown,0
1207,36,entrepreneur,married,primary,0,177,1,0,unknown,12,may,63,5,-1,0,unknown,0
969,55,blue-collar,married,primary,0,3873,0,0,telephone,21,apr,222,1,-1,0,unknown,0
3406,24,admin.,single,secondary,0,926,1,1,cellular,15,may,191,1,-1,0,unknown,0
344,37,management,single,unknown,0,504,1,0,cellular,16,apr,555,1,-1,0,unknown,0
2603,26,management,single,tertiary,0,-8,0,0,cellular,13,aug,402,2,-1,0,unknown,0
4490,58,admin.,married,secondary,0,3496,1,0,unknown,2,jun,111,4,-1,0,unknown,0
938,37,technician,married,secondary,0,1633,1,0,unknown,19,may,229,3,-1,0,unknown,0
1947,47,unemployed,married,secondary,0,3188,1,0,cellular,3,feb,426,3,-1,0,unknown,0
3049,25,student,single,tertiary,0,1433,1,0,cellular,15,may,520,1,-1,0,unknown,0
1205,39,blue-collar,married,unknown,0,0,0,0,cellular,2,feb,731,1,193,3,failure,0
2356,33,services,married,secondary,0,804,1,1,unknown,8,may,266,1,-1,0,unknown,0
2942,34,technician,married,tertiary,0,544,1,1,cellular,18,nov,58,2,-1,0,unknown,0
2618,54,services,married,secondary,0,812,0,0,cellular,31,jul,113,6,-1,0,unknown,0
3149,31,services,married,secondary,0,500,1,0,unknown,6,jun,19,18,-1,0,unknown,0
4184,47,management,married,tertiary,0,6637,1,0,cellular,17,apr,174,2,-1,0,unknown,0
791,41,management,married,tertiary,0,3016,1,0,cellular,14,jul,80,3,-1,0,unknown,0
1114,36,technician,divorced,secondary,0,487,0,1,cellular,11,aug,268,3,-1,0,unknown,0
3446,38,services,married,secondary,0,8876,0,0,cellular,2,feb,280,1,75,1,failure,0
3124,56,management,married,tertiary,0,334,1,0,unknown,15,may,127,2,-1,0,unknown,0
2203,35,technician,single,tertiary,0,3552,0,0,cellular,21,nov,267,1,-1,0,unknown,0
3768,47,management,single,tertiary,0,0,0,0,unknown,11,jun,58,3,-1,0,unknown,0
4353,30,admin.,married,tertiary,0,400,1,0,cellular,7,may,223,1,-1,0,unknown,0
993,31,admin.,married,secondary,0,314,1,0,cellular,17,apr,279,1,-1,0,unknown,0
2218,58,blue-collar,married,primary,0,0,1,0,cellular,31,jul,5,25,-1,0,unknown,0
924,45,housemaid,married,primary,0,7353,0,0,cellular,13,aug,536,2,-1,0,unknown,0
3671,37,blue-collar,married,secondary,0,67,0,0,unknown,3,jun,45,2,-1,0,unknown,0
1012,48,blue-collar,married,secondary,0,841,1,0,unknown,19,may,215,1,-1,0,unknown,0
1869,44,management,married,tertiary,0,773,0,1,cellular,9,jul,618,1,-1,0,unknown,0
4417,33,unemployed,married,tertiary,0,302,1,1,cellular,16,apr,670,1,-1,0,unknown,0
596,47,housemaid,married,primary,0,201,1,0,cellular,7,aug,58,2,382,1,failure,0
1647,30,management,married,tertiary,0,0,1,0,cellular,9,jul,127,1,-1,0,unknown,0
1756,32,management,married,tertiary,0,-55,1,0,cellular,26,aug,107,4,-1,0,unknown,0
1095,36,technician,married,secondary,0,300,0,0,unknown,9,jun,287,1,-1,0,unknown,0
1660,52,services,married,secondary,0,108,1,0,unknown,15,may,543,12,-1,0,unknown,0
504,41,management,married,tertiary,0,3872,0,0,cellular,15,oct,231,1,-1,0,unknown,0
2078,31,self-employed,single,secondary,0,1086,0,0,cellular,20,nov,410,1,-1,0,unknown,0
610,50,services,single,secondary,0,72,0,0,unknown,8,may,141,2,-1,0,unknown,0
2888,38,technician,married,secondary,0,0,0,0,cellular,28,aug,82,4,-1,0,unknown,0
3411,57,management,married,tertiary,0,0,0,0,cellular,19,aug,188,4,-1,0,unknown,0
919,25,blue-collar,married,secondary,0,-76,1,0,unknown,12,may,241,3,-1,0,unknown,0
3417,55,services,divorced,tertiary,0,1983,1,0,telephone,19,nov,123,1,-1,0,unknown,0
4324,50,management,divorced,tertiary,0,100,1,1,cellular,13,may,157,1,299,3,failure,0
649,60,management,married,primary,0,252,1,1,cellular,13,apr,123,2,147,3,failure,0
3383,37,blue-collar,married,secondary,0,103,1,0,cellular,12,may,153,1,-1,0,unknown,0
1601,32,blue-collar,married,primary,0,329,1,0,cellular,3,feb,321,1,-1,0,unknown,0
696,41,self-employed,married,tertiary,0,6000,1,0,cellular,18,nov,265,1,-1,0,unknown,0
4083,51,management,married,tertiary,0,1612,0,0,cellular,16,mar,384,1,182,5,failure,0
3888,37,technician,divorced,secondary,0,23,0,0,cellular,20,aug,289,2,-1,0,unknown,0
2021,41,technician,married,tertiary,0,0,0,0,unknown,20,jun,95,1,-1,0,unknown,0
2579,46,management,married,tertiary,0,477,1,0,unknown,20,may,128,6,-1,0,unknown,0
2196,54,management,divorced,tertiary,0,26306,1,0,cellular,11,feb,27,1,84,3,failure,0
2892,28,services,single,secondary,0,2685,0,1,unknown,24,aug,5,1,-1,0,unknown,0
1577,47,admin.,married,secondary,0,104,1,1,cellular,14,jul,77,2,-1,0,unknown,0
1118,60,retired,married,secondary,0,4820,0,0,unknown,5,jun,419,1,-1,0,unknown,0
3461,34,technician,single,secondary,0,5039,0,0,cellular,20,nov,205,6,-1,0,unknown,0
600,58,retired,divorced,tertiary,0,264,1,1,cellular,8,jul,523,3,-1,0,unknown,0
4323,83,retired,divorced,primary,0,0,0,0,telephone,31,may,664,1,77,3,success,0
3345,31,technician,divorced,secondary,0,10787,1,0,unknown,4,jun,135,2,-1,0,unknown,0
2672,39,services,married,secondary,0,-540,0,0,unknown,6,jun,29,1,-1,0,unknown,0
927,32,technician,divorced,secondary,0,1097,1,0,unknown,12,may,298,2,-1,0,unknown,0
1662,50,blue-collar,married,primary,0,1164,1,0,unknown,8,may,166,2,-1,0,unknown,0
1787,39,management,married,tertiary,0,0,1,0,unknown,2,jun,46,2,-1,0,unknown,0
3468,38,blue-collar,divorced,secondary,0,889,0,1,unknown,18,jun,362,1,-1,0,unknown,0
4233,31,management,married,tertiary,0,582,1,0,cellular,15,jul,58,2,-1,0,unknown,0
2181,32,blue-collar,single,secondary,0,33,1,0,cellular,18,may,125,1,368,4,failure,0
2437,37,admin.,single,secondary,0,0,1,0,cellular,16,apr,640,2,-1,0,unknown,0
2269,27,services,single,secondary,0,0,1,0,unknown,7,may,388,7,-1,0,unknown,0
440,37,admin.,divorced,tertiary,0,4303,1,0,unknown,23,may,168,1,-1,0,unknown,0
599,43,technician,divorced,secondary,0,1413,1,0,telephone,28,jul,75,3,-1,0,unknown,0
718,40,blue-collar,married,secondary,0,498,1,0,cellular,8,may,55,2,298,4,failure,0
2502,32,admin.,married,secondary,0,0,0,0,cellular,30,jan,119,3,-1,0,unknown,0
1447,45,admin.,married,secondary,0,638,1,0,cellular,20,aug,75,9,-1,0,unknown,0
2153,43,blue-collar,married,primary,0,255,1,0,cellular,17,jul,180,1,-1,0,unknown,0
4128,34,admin.,divorced,secondary,0,1268,1,0,cellular,15,may,259,3,-1,0,unknown,0
2314,54,blue-collar,divorced,primary,0,-182,0,0,cellular,9,jul,98,1,-1,0,unknown,0
2995,43,technician,single,secondary,0,593,1,0,unknown,5,may,55,1,-1,0,unknown,0
2192,26,admin.,single,secondary,0,236,1,1,cellular,18,may,8,2,-1,0,unknown,0
4207,57,technician,married,secondary,0,589,1,0,cellular,2,feb,223,1,76,4,failure,0
1153,41,management,divorced,tertiary,0,369,1,0,telephone,22,aug,9,3,-1,0,unknown,0
1643,29,services,divorced,secondary,0,330,1,0,unknown,12,may,88,2,-1,0,unknown,0
622,32,blue-collar,single,secondary,0,-84,1,0,cellular,11,may,426,1,-1,0,unknown,0
2605,48,management,married,primary,0,247,1,1,unknown,14,may,145,1,-1,0,unknown,0
1134,34,blue-collar,married,primary,0,176,0,0,cellular,24,jul,78,1,-1,0,unknown,0
2599,52,management,married,tertiary,0,-1224,1,0,cellular,7,may,253,4,-1,0,unknown,0
856,49,technician,married,secondary,1,-1680,1,1,unknown,27,jun,92,4,-1,0,unknown,0
3363,33,blue-collar,married,secondary,0,467,1,0,unknown,21,may,494,2,-1,0,unknown,0
2312,34,admin.,married,secondary,0,50,1,0,unknown,20,may,89,2,-1,0,unknown,0
3288,59,unemployed,divorced,secondary,0,2921,0,0,telephone,3,feb,251,1,-1,0,unknown,0
3109,35,management,single,tertiary,0,0,0,1,cellular,14,aug,370,4,-1,0,unknown,0
320,45,admin.,married,unknown,0,1783,0,0,unknown,20,jun,11,11,-1,0,unknown,0
697,34,technician,married,secondary,0,0,1,0,cellular,15,jul,144,1,-1,0,unknown,0
672,32,entrepreneur,married,unknown,0,73,1,0,cellular,21,nov,158,1,135,1,failure,0
4144,29,blue-collar,married,secondary,0,358,0,0,cellular,21,jul,88,5,-1,0,unknown,0
3575,51,self-employed,married,primary,0,307,1,1,unknown,17,jun,65,2,-1,0,unknown,0
2657,28,services,single,secondary,0,-427,1,1,unknown,21,may,965,2,-1,0,unknown,0
1325,28,management,single,tertiary,0,1027,1,0,cellular,14,may,433,1,-1,0,unknown,0
2500,38,student,single,tertiary,0,807,0,0,cellular,27,feb,74,2,-1,0,unknown,0
939,31,management,married,tertiary,0,8312,0,0,cellular,29,aug,43,13,-1,0,unknown,0
1536,32,technician,single,secondary,0,2979,0,0,cellular,25,may,156,1,-1,0,unknown,0
3015,35,management,married,tertiary,0,0,0,0,cellular,11,jul,89,1,-1,0,unknown,0
1575,34,blue-collar,single,primary,0,464,1,0,cellular,18,may,173,1,299,2,other,0
3423,52,blue-collar,married,primary,0,36,0,0,cellular,13,aug,109,2,-1,0,unknown,0
4043,39,services,divorced,secondary,0,282,1,0,cellular,17,jul,243,1,-1,0,unknown,0
112,32,self-employed,married,secondary,0,217,1,1,cellular,15,jul,317,5,-1,0,unknown,0
2339,54,blue-collar,married,secondary,0,2059,1,0,cellular,25,aug,177,4,-1,0,unknown,0
4074,53,management,married,primary,0,4086,0,0,unknown,20,jun,14,3,-1,0,unknown,0
2162,40,admin.,single,secondary,0,-1,0,0,cellular,7,jul,173,1,-1,0,unknown,0
2732,45,technician,married,primary,0,-322,0,0,unknown,9,jun,225,2,-1,0,unknown,0
2096,58,management,married,tertiary,0,9339,1,0,telephone,18,nov,52,3,172,3,other,0
4267,50,services,single,primary,0,148,1,0,unknown,7,may,198,2,-1,0,unknown,0
2650,54,services,married,secondary,0,158,1,0,unknown,19,may,198,1,-1,0,unknown,0
1294,47,entrepreneur,married,unknown,0,209,1,0,unknown,6,may,135,2,-1,0,unknown,0
3354,61,management,married,secondary,0,1471,0,0,cellular,12,aug,331,2,-1,0,unknown,0
2199,35,admin.,divorced,secondary,0,148,0,1,cellular,8,jul,199,1,-1,0,unknown,0
1691,51,blue-collar,divorced,primary,0,-28,0,1,unknown,2,jul,220,2,-1,0,unknown,0
2405,40,technician,married,secondary,0,0,1,1,cellular,26,jul,105,2,172,1,failure,0
3091,38,blue-collar,married,secondary,0,376,1,0,unknown,7,may,1521,1,-1,0,unknown,0
1790,45,technician,married,secondary,0,1477,1,0,cellular,8,jul,355,1,-1,0,unknown,0
1345,40,management,divorced,tertiary,0,69,1,0,cellular,6,may,503,2,280,2,failure,0
193,36,services,married,secondary,0,1981,0,0,unknown,17,jun,48,2,-1,0,unknown,0
1592,29,self-employed,single,secondary,0,3672,1,1,unknown,28,may,1210,1,-1,0,unknown,0
644,32,entrepreneur,single,tertiary,0,890,1,1,cellular,28,aug,27,10,-1,0,unknown,0
2232,38,technician,married,secondary,0,7696,1,0,cellular,20,nov,386,2,-1,0,unknown,0
3000,45,admin.,married,secondary,0,644,0,1,telephone,22,jul,92,1,-1,0,unknown,0
896,31,technician,single,secondary,1,25,0,0,cellular,2,feb,381,1,-1,0,unknown,0
1771,37,management,married,tertiary,0,347,1,0,cellular,22,jul,282,1,-1,0,unknown,0
2922,26,admin.,married,tertiary,0,2855,0,0,cellular,30,mar,52,3,-1,0,unknown,0
839,37,entrepreneur,married,tertiary,0,4798,1,0,unknown,20,may,156,2,-1,0,unknown,0
1547,54,entrepreneur,married,tertiary,0,1544,0,1,cellular,5,feb,85,7,196,3,failure,0
2775,37,blue-collar,married,secondary,0,685,1,0,unknown,6,jun,968,1,-1,0,unknown,0
641,56,unknown,married,unknown,0,0,0,0,unknown,20,jun,471,2,-1,0,unknown,0
1635,33,blue-collar,married,secondary,0,687,1,0,cellular,14,may,72,2,370,1,failure,0
3935,38,management,single,tertiary,0,1704,0,0,cellular,1,sep,222,1,-1,0,unknown,0
3859,54,blue-collar,married,primary,0,4503,0,0,telephone,21,nov,168,3,-1,0,unknown,0
4200,49,management,single,primary,0,548,0,0,telephone,31,jul,115,6,-1,0,unknown,0
3839,51,technician,divorced,secondary,0,2323,1,1,cellular,18,aug,151,10,-1,0,unknown,0
1688,38,housemaid,married,secondary,0,-278,1,0,cellular,28,jul,143,2,-1,0,unknown,0
481,56,management,single,secondary,0,237,1,0,telephone,9,jul,236,4,-1,0,unknown,0
4082,47,blue-collar,married,secondary,0,0,1,0,cellular,21,jul,676,1,-1,0,unknown,0
3569,50,management,married,tertiary,0,78,1,0,cellular,14,jan,218,3,161,9,other,0
3983,40,technician,divorced,tertiary,0,1871,1,0,cellular,17,nov,64,1,-1,0,unknown,0
3605,27,management,single,tertiary,0,88,0,0,cellular,4,may,143,1,-1,0,unknown,0
803,57,housemaid,single,secondary,0,254,0,0,cellular,8,oct,676,1,-1,0,unknown,0
1308,48,technician,married,tertiary,0,0,0,0,telephone,26,aug,176,15,-1,0,unknown,0
1024,36,blue-collar,married,secondary,0,2357,1,0,unknown,17,jun,228,2,-1,0,unknown,0
3627,56,services,married,secondary,0,-229,0,1,cellular,23,jul,55,10,-1,0,unknown,0
2637,44,self-employed,married,secondary,0,313,0,0,cellular,6,aug,211,4,-1,0,unknown,0
2711,47,unknown,married,unknown,0,677,0,0,cellular,7,aug,384,1,99,4,success,0
2439,28,blue-collar,married,secondary,0,64,1,0,unknown,13,may,160,3,-1,0,unknown,0
3158,58,admin.,married,secondary,0,1142,0,0,telephone,4,feb,82,3,-1,0,unknown,0
2484,26,self-employed,single,tertiary,0,1153,0,0,cellular,4,may,238,3,-1,0,unknown,0
4415,52,blue-collar,married,primary,0,-133,0,0,unknown,5,jun,96,2,-1,0,unknown,0
2327,41,admin.,married,secondary,0,8238,1,1,unknown,30,may,124,4,-1,0,unknown,0
3207,54,management,married,tertiary,0,2819,0,0,cellular,7,aug,123,3,-1,0,unknown,0
2466,42,self-employed,married,secondary,0,5564,0,0,cellular,17,nov,560,2,-1,0,unknown,0
628,45,technician,married,secondary,0,88,0,0,cellular,29,aug,150,2,-1,0,unknown,0
1233,37,blue-collar,married,secondary,0,131,1,0,unknown,9,may,137,2,-1,0,unknown,0
2391,54,management,divorced,tertiary,0,0,0,1,cellular,10,jul,88,1,-1,0,unknown,0
4079,53,entrepreneur,married,secondary,0,-118,1,0,unknown,9,may,101,3,-1,0,unknown,0
1328,26,management,single,tertiary,0,205,0,0,unknown,26,may,111,1,-1,0,unknown,0
2061,31,services,married,secondary,0,-331,1,0,unknown,23,may,203,5,-1,0,unknown,0
1944,48,blue-collar,married,secondary,0,333,1,0,cellular,14,may,24,6,-1,0,unknown,0
142,56,services,divorced,unknown,0,1877,1,0,unknown,30,may,86,1,-1,0,unknown,0
4094,31,technician,single,tertiary,0,969,0,0,cellular,15,jun,95,1,-1,0,unknown,0
580,29,management,married,tertiary,0,361,1,1,cellular,28,jul,819,3,-1,0,unknown,0
625,36,technician,married,secondary,0,146,1,1,unknown,15,may,284,2,-1,0,unknown,0
1034,36,admin.,married,unknown,0,2323,0,0,cellular,19,nov,111,1,-1,0,unknown,0
3957,50,entrepreneur,married,tertiary,0,52,0,0,cellular,31,jul,22,8,-1,0,unknown,0
635,33,management,divorced,tertiary,1,280,0,1,cellular,18,nov,155,1,-1,0,unknown,0
2927,30,blue-collar,married,secondary,0,125,1,0,unknown,29,may,238,2,-1,0,unknown,0
1799,41,technician,married,tertiary,0,13,0,0,unknown,5,jun,189,2,-1,0,unknown,0
3886,36,management,single,tertiary,0,678,0,1,unknown,4,jul,85,3,-1,0,unknown,0
2011,31,blue-collar,married,primary,0,0,1,1,unknown,12,may,59,4,-1,0,unknown,0
4014,41,admin.,married,secondary,0,21515,1,0,unknown,5,jun,87,1,-1,0,unknown,0
1594,60,unemployed,divorced,secondary,0,385,1,0,cellular,4,feb,80,1,-1,0,unknown,0
2110,31,blue-collar,married,secondary,0,-498,1,0,cellular,21,jul,357,1,-1,0,unknown,0
3757,35,technician,single,tertiary,0,2288,0,0,telephone,28,may,32,2,-1,0,unknown,0
1086,50,self-employed,married,secondary,0,3025,0,1,cellular,6,aug,168,3,-1,0,unknown,0
4204,49,blue-collar,married,primary,0,902,0,0,unknown,9,jun,210,2,-1,0,unknown,0
1819,33,technician,divorced,secondary,1,10,1,1,cellular,18,nov,167,5,-1,0,unknown,0
3628,29,services,married,secondary,0,182,1,0,telephone,13,may,38,3,-1,0,unknown,0
4515,32,services,single,secondary,0,473,1,0,cellular,7,jul,624,5,-1,0,unknown,0
4078,30,management,married,tertiary,0,562,0,0,cellular,21,aug,137,4,-1,0,unknown,0
2976,28,blue-collar,single,secondary,0,56,1,0,unknown,23,may,66,1,-1,0,unknown,0
2708,33,management,married,tertiary,0,287,1,0,cellular,15,may,199,2,274,3,other,0
1138,35,technician,divorced,secondary,0,56,0,0,cellular,29,aug,24,12,-1,0,unknown,0
2215,34,management,single,unknown,0,1534,1,0,cellular,16,apr,156,1,147,7,other,0
4334,37,entrepreneur,single,secondary,0,20453,1,0,telephone,4,may,115,1,-1,0,unknown,0
335,47,management,divorced,tertiary,0,447,0,1,unknown,7,may,126,1,-1,0,unknown,0
419,46,technician,married,secondary,0,1322,1,1,cellular,19,nov,514,1,-1,0,unknown,0
788,43,technician,married,secondary,0,764,1,0,cellular,14,jul,557,5,-1,0,unknown,0
72,31,management,single,tertiary,0,6248,1,0,unknown,9,may,154,2,-1,0,unknown,0
2971,37,blue-collar,married,secondary,0,346,1,0,cellular,17,apr,390,1,316,1,failure,0
3592,39,services,married,secondary,0,0,1,0,unknown,20,may,793,2,-1,0,unknown,0
4506,42,unemployed,divorced,tertiary,0,-166,0,0,cellular,29,aug,85,4,-1,0,unknown,0
824,39,technician,married,tertiary,0,794,0,0,telephone,2,feb,182,1,-1,0,unknown,0
3153,46,blue-collar,married,primary,0,328,1,0,unknown,21,may,526,8,-1,0,unknown,0
1133,26,services,single,secondary,0,127,1,1,cellular,23,jul,85,3,-1,0,unknown,0
2621,24,blue-collar,single,unknown,0,431,1,0,unknown,3,jun,108,12,-1,0,unknown,0
1008,36,management,married,tertiary,0,605,1,0,unknown,26,may,204,1,-1,0,unknown,0
4468,42,housemaid,married,primary,0,1,1,0,telephone,28,jul,59,5,-1,0,unknown,0
1823,35,technician,divorced,secondary,0,473,1,1,unknown,26,may,434,4,-1,0,unknown,0
2613,36,admin.,married,secondary,0,725,1,0,cellular,27,feb,123,3,99,8,failure,0
1602,47,admin.,divorced,secondary,0,162,1,0,unknown,9,may,203,4,-1,0,unknown,0
1396,32,blue-collar,married,secondary,0,687,1,0,unknown,9,may,61,1,-1,0,unknown,0
583,33,management,single,tertiary,0,-53,0,0,cellular,29,jan,617,2,-1,0,unknown,0
3883,57,admin.,married,secondary,0,169,0,0,cellular,14,aug,180,1,106,2,failure,0
1481,40,management,single,secondary,0,192,1,0,unknown,16,may,71,11,-1,0,unknown,0
4514,38,blue-collar,married,secondary,0,1205,1,0,cellular,20,apr,45,4,153,1,failure,0
2949,46,blue-collar,married,primary,0,147,1,0,cellular,6,may,116,2,169,3,failure,0
2805,35,unknown,married,primary,0,634,0,0,cellular,7,jul,185,2,-1,0,unknown,0
866,54,retired,married,secondary,0,3671,0,0,unknown,11,jun,67,3,-1,0,unknown,0
3237,32,entrepreneur,married,primary,0,795,0,0,cellular,8,aug,131,3,-1,0,unknown,0
2175,56,management,divorced,tertiary,0,442,0,0,unknown,28,may,77,3,-1,0,unknown,0
2351,52,unknown,married,unknown,0,1317,0,0,unknown,12,jun,58,1,-1,0,unknown,0
2204,49,services,married,secondary,0,47,0,0,unknown,5,may,234,2,-1,0,unknown,0
1400,35,technician,married,secondary,0,2,0,0,telephone,28,jan,653,3,-1,0,unknown,0
1831,32,admin.,single,tertiary,0,-59,0,1,unknown,4,jul,192,1,-1,0,unknown,0
1299,49,blue-collar,married,secondary,0,-55,0,0,unknown,17,jun,150,3,-1,0,unknown,0
3766,38,technician,single,secondary,0,311,1,0,cellular,28,may,61,2,-1,0,unknown,0
1707,30,self-employed,married,secondary,0,123,0,1,unknown,17,jul,66,1,85,5,other,0
1784,50,blue-collar,married,secondary,0,810,1,0,unknown,14,may,19,14,-1,0,unknown,0
4362,40,technician,married,secondary,0,697,0,0,cellular,24,jun,220,2,219,2,other,0
2100,35,management,single,tertiary,0,633,1,0,cellular,17,apr,128,3,-1,0,unknown,0
291,47,blue-collar,married,secondary,0,480,1,0,unknown,28,may,211,2,-1,0,unknown,0
3611,28,technician,single,secondary,0,389,1,0,cellular,11,may,15,7,-1,0,unknown,0
1094,32,technician,single,tertiary,0,1012,0,0,cellular,14,apr,178,1,-1,0,unknown,0
3596,34,admin.,married,secondary,0,396,1,0,cellular,16,jul,101,3,-1,0,unknown,0
1735,35,blue-collar,married,secondary,0,407,1,0,cellular,20,apr,12,6,-1,0,unknown,0
1286,32,management,single,tertiary,0,1218,1,0,telephone,28,jan,70,2,-1,0,unknown,0
2136,34,management,married,tertiary,0,0,1,0,unknown,8,may,214,2,-1,0,unknown,0
2513,33,blue-collar,married,primary,0,191,1,0,unknown,9,may,162,2,-1,0,unknown,0
2660,32,unemployed,married,secondary,0,10,1,0,unknown,6,may,501,4,-1,0,unknown,0
2080,34,services,divorced,secondary,0,44,0,0,unknown,9,jun,118,1,-1,0,unknown,0
2913,58,retired,married,secondary,0,413,0,0,cellular,27,aug,104,5,-1,0,unknown,0
1016,36,blue-collar,married,secondary,0,439,1,0,unknown,21,may,260,5,-1,0,unknown,0
4285,37,admin.,married,tertiary,0,0,1,0,cellular,21,jul,115,1,-1,0,unknown,0
1036,53,technician,married,secondary,0,2647,1,0,unknown,30,may,121,1,-1,0,unknown,0
1893,35,technician,divorced,secondary,0,69,1,0,unknown,8,may,461,3,-1,0,unknown,0
606,28,blue-collar,married,secondary,0,1020,1,0,unknown,28,may,251,1,-1,0,unknown,0
544,49,admin.,married,secondary,0,2465,0,0,cellular,20,aug,157,3,-1,0,unknown,0
101,38,management,single,tertiary,0,493,1,0,cellular,11,may,553,1,367,7,failure,0
208,38,services,single,secondary,0,-196,1,0,cellular,2,feb,60,1,271,1,failure,0
3227,53,management,married,tertiary,0,1343,0,0,cellular,5,aug,129,4,-1,0,unknown,0
4380,57,housemaid,married,secondary,0,0,0,0,cellular,22,aug,197,2,-1,0,unknown,0
22,44,services,single,secondary,0,106,0,0,unknown,12,jun,109,2,-1,0,unknown,0
1132,41,management,divorced,tertiary,0,4567,1,1,cellular,16,jul,106,1,-1,0,unknown,0
3877,62,unknown,married,secondary,0,367,0,0,telephone,2,mar,139,5,-1,0,unknown,0
2686,31,blue-collar,married,secondary,0,0,0,1,telephone,15,jul,275,2,-1,0,unknown,0
3546,30,management,single,tertiary,0,6495,0,0,cellular,30,mar,78,3,-1,0,unknown,0
3595,30,blue-collar,single,secondary,1,447,0,0,unknown,14,may,103,6,-1,0,unknown,0
1189,34,technician,single,secondary,0,201,0,0,cellular,22,jul,257,2,-1,0,unknown,0
1347,29,self-employed,married,tertiary,0,751,1,0,unknown,23,may,121,2,-1,0,unknown,0
629,59,management,married,tertiary,0,2764,0,0,cellular,24,dec,237,1,206,2,failure,0
414,53,blue-collar,married,secondary,0,4380,0,0,telephone,19,aug,223,7,-1,0,unknown,0
3958,34,management,married,tertiary,0,2594,1,0,cellular,21,nov,161,3,-1,0,unknown,0
733,33,admin.,married,secondary,0,1158,1,0,cellular,20,apr,25,2,-1,0,unknown,0
2336,35,management,married,tertiary,0,2682,1,0,cellular,9,jul,156,1,-1,0,unknown,0
3129,42,blue-collar,divorced,unknown,0,0,0,0,cellular,7,jul,64,2,-1,0,unknown,0
4399,29,entrepreneur,married,secondary,0,452,1,0,unknown,27,may,347,1,-1,0,unknown,0
1493,39,technician,single,tertiary,0,-41,0,1,cellular,25,aug,40,15,-1,0,unknown,0
4310,36,management,married,tertiary,0,1852,0,0,unknown,8,may,362,1,-1,0,unknown,0
3320,48,management,single,secondary,0,290,1,0,cellular,21,jul,257,2,-1,0,unknown,0
1459,31,technician,single,secondary,0,433,0,0,cellular,11,aug,1504,2,-1,0,unknown,0
4179,34,blue-collar,divorced,secondary,0,-566,1,0,unknown,26,may,248,2,-1,0,unknown,0
277,38,technician,single,tertiary,0,0,0,0,cellular,28,aug,247,2,-1,0,unknown,0
3777,26,blue-collar,single,secondary,0,396,1,0,unknown,28,may,302,1,-1,0,unknown,0
2266,55,admin.,married,secondary,0,0,0,0,cellular,23,sep,180,2,238,3,success,0
1309,31,management,married,secondary,0,625,1,0,cellular,7,apr,424,1,138,1,failure,0
676,58,management,single,tertiary,0,2,1,0,telephone,11,may,168,3,-1,0,unknown,0
3241,48,technician,married,secondary,0,5,0,0,unknown,9,jun,65,6,-1,0,unknown,0
3265,55,retired,married,secondary,0,1467,0,1,cellular,29,jul,277,2,-1,0,unknown,0
954,58,retired,divorced,unknown,0,5920,1,0,cellular,23,jul,255,1,-1,0,unknown,0
1198,53,technician,divorced,secondary,0,320,0,0,cellular,9,jul,175,1,-1,0,unknown,0
545,35,blue-collar,married,primary,0,0,1,0,cellular,24,jul,90,6,-1,0,unknown,0
4140,54,self-employed,divorced,primary,0,4382,1,0,telephone,18,may,193,4,-1,0,unknown,0
908,30,services,single,secondary,0,3485,0,0,cellular,2,feb,142,2,-1,0,unknown,0
2535,30,student,single,tertiary,0,7513,0,0,cellular,11,aug,269,2,-1,0,unknown,0
1850,54,management,divorced,tertiary,0,1295,1,0,cellular,21,jul,179,10,-1,0,unknown,0
1465,39,services,married,secondary,0,124,1,0,cellular,31,jul,81,5,-1,0,unknown,0
907,40,management,married,tertiary,0,60,0,0,unknown,16,jun,172,6,-1,0,unknown,0
1746,51,management,single,tertiary,0,2139,0,0,cellular,17,nov,176,2,-1,0,unknown,0
771,52,technician,married,secondary,0,1781,1,0,unknown,19,may,144,2,-1,0,unknown,0
1084,26,services,divorced,secondary,0,74,1,0,unknown,23,may,106,6,-1,0,unknown,0
1004,24,blue-collar,married,secondary,0,204,1,1,cellular,17,apr,229,3,-1,0,unknown,0
1549,41,self-employed,married,secondary,0,28,1,0,cellular,11,may,49,1,-1,0,unknown,0
2256,41,management,single,secondary,0,764,0,0,cellular,12,jun,230,2,-1,0,unknown,0
2829,27,blue-collar,married,secondary,0,818,1,0,unknown,3,jun,188,5,-1,0,unknown,0
4479,39,admin.,single,secondary,0,163,1,0,cellular,30,jan,107,2,-1,0,unknown,0
4033,37,management,married,tertiary,0,3288,0,0,cellular,8,aug,124,2,-1,0,unknown,0
26,55,blue-collar,married,primary,0,627,1,0,unknown,5,may,247,1,-1,0,unknown,0
683,30,technician,single,tertiary,0,985,1,0,cellular,19,feb,88,2,-1,0,unknown,0
1683,34,admin.,single,primary,0,0,1,1,cellular,6,may,172,4,-1,0,unknown,0
3044,53,entrepreneur,married,unknown,0,7,0,0,cellular,20,nov,68,1,-1,0,unknown,0
2071,37,services,married,secondary,0,4760,1,0,cellular,20,nov,187,2,-1,0,unknown,0
813,31,management,married,secondary,0,466,1,0,cellular,14,may,164,1,-1,0,unknown,0
2240,50,technician,married,secondary,0,1130,1,0,cellular,23,jul,119,2,-1,0,unknown,0
2893,26,admin.,divorced,secondary,1,-3,1,0,unknown,13,may,181,5,-1,0,unknown,0
252,55,blue-collar,divorced,primary,0,410,0,1,cellular,11,jul,221,2,-1,0,unknown,0
2886,43,blue-collar,divorced,primary,0,92,1,0,unknown,15,may,237,2,-1,0,unknown,0
4038,71,unknown,married,tertiary,0,353,0,0,cellular,27,jan,208,1,93,2,failure,0
1775,38,management,married,tertiary,0,7124,0,0,unknown,16,jun,301,6,-1,0,unknown,0
3752,47,services,married,secondary,0,0,1,0,telephone,9,jul,250,1,-1,0,unknown,0
1553,34,blue-collar,married,secondary,0,3990,1,0,cellular,24,jul,633,7,-1,0,unknown,0
3108,38,blue-collar,married,primary,0,1679,1,0,unknown,20,jun,21,18,-1,0,unknown,0
673,33,management,married,tertiary,0,1808,1,0,unknown,4,jun,99,4,-1,0,unknown,0
1433,33,blue-collar,single,secondary,0,13494,1,0,unknown,20,jun,27,25,-1,0,unknown,0
1279,32,management,married,tertiary,0,913,1,0,cellular,23,jun,883,1,674,4,failure,0
2098,57,retired,married,secondary,1,32,1,0,cellular,15,may,476,3,-1,0,unknown,0
1018,55,retired,married,secondary,0,466,0,0,unknown,17,jun,287,4,-1,0,unknown,0
1798,38,technician,married,tertiary,0,45,0,0,cellular,22,jul,125,4,-1,0,unknown,0
2813,47,technician,married,secondary,0,1990,1,1,cellular,25,aug,108,4,-1,0,unknown,0
315,30,blue-collar,married,primary,0,1317,1,0,unknown,21,may,395,2,-1,0,unknown,0
3340,49,entrepreneur,married,primary,0,199,0,0,unknown,13,may,113,2,-1,0,unknown,0
3244,51,management,married,unknown,0,712,0,0,cellular,13,aug,287,2,-1,0,unknown,0
4135,56,unemployed,divorced,primary,0,802,0,0,telephone,3,feb,258,2,-1,0,unknown,0
1832,40,services,divorced,secondary,0,-81,0,1,cellular,23,jul,186,1,-1,0,unknown,0
1127,32,management,single,unknown,0,787,0,0,cellular,28,jan,92,1,-1,0,unknown,0
4164,38,blue-collar,married,primary,0,506,1,1,unknown,12,jun,122,1,-1,0,unknown,0
3776,36,blue-collar,divorced,secondary,0,-11,0,0,unknown,5,jun,152,2,-1,0,unknown,0
3416,30,management,single,tertiary,0,47,0,1,cellular,31,jul,11,17,-1,0,unknown,0
2974,44,management,divorced,tertiary,0,-710,1,0,cellular,10,jul,183,1,-1,0,unknown,0
1516,29,self-employed,married,tertiary,0,242,1,0,cellular,18,jul,73,4,-1,0,unknown,0
406,41,technician,married,tertiary,0,744,1,0,unknown,14,may,125,1,-1,0,unknown,0
4132,37,technician,married,secondary,0,1063,1,0,cellular,31,jul,413,2,-1,0,unknown,0
745,53,management,married,secondary,0,66,0,1,telephone,8,jul,141,1,-1,0,unknown,0
1637,43,blue-collar,married,primary,0,1211,1,0,unknown,6,may,208,3,-1,0,unknown,0
1152,50,admin.,married,secondary,0,0,0,0,cellular,4,aug,86,4,-1,0,unknown,0
2996,38,self-employed,married,secondary,0,746,0,0,unknown,20,jun,256,3,-1,0,unknown,0
1596,32,technician,married,secondary,0,84,0,1,cellular,29,jul,403,3,-1,0,unknown,0
1993,40,management,married,unknown,0,419,1,0,cellular,10,jul,347,1,-1,0,unknown,0
617,31,management,single,secondary,0,36,0,0,cellular,27,aug,105,2,-1,0,unknown,0
1397,31,blue-collar,married,secondary,0,631,1,0,unknown,23,may,248,4,-1,0,unknown,0
3390,42,entrepreneur,married,primary,1,66,1,1,cellular,6,feb,139,1,-1,0,unknown,0
2728,60,admin.,married,secondary,0,-396,1,0,cellular,11,may,443,1,350,1,failure,0
40,38,management,single,tertiary,0,11971,1,0,unknown,17,nov,609,2,101,3,failure,0
3362,21,student,single,secondary,0,6,0,0,unknown,9,may,622,1,-1,0,unknown,0
325,33,technician,married,secondary,0,6699,0,0,cellular,9,nov,425,1,462,1,failure,0
977,44,self-employed,married,tertiary,0,134,0,0,cellular,28,aug,86,4,-1,0,unknown,0
3987,32,services,married,secondary,0,61,1,0,cellular,8,jul,529,5,-1,0,unknown,0
2693,40,admin.,married,secondary,0,0,1,1,cellular,17,nov,57,1,-1,0,unknown,0
988,42,management,single,tertiary,0,525,0,0,cellular,13,aug,127,2,-1,0,unknown,0
3249,58,housemaid,married,primary,0,435,1,0,telephone,28,jul,122,6,-1,0,unknown,0
1161,29,unemployed,single,tertiary,0,991,0,0,cellular,5,feb,563,1,-1,0,unknown,0
909,34,entrepreneur,married,secondary,0,-139,1,1,unknown,27,may,492,2,-1,0,unknown,0
3738,35,blue-collar,married,primary,0,422,1,0,cellular,14,may,73,1,-1,0,unknown,0
713,25,student,single,secondary,0,1790,0,0,cellular,17,apr,224,1,322,3,failure,0
2441,36,admin.,married,secondary,0,957,1,0,unknown,21,may,206,1,-1,0,unknown,0
3701,51,management,married,tertiary,0,5108,1,0,cellular,8,oct,272,1,102,8,other,0
1554,36,services,married,secondary,0,1328,1,0,unknown,6,jun,82,4,-1,0,unknown,0
2982,38,technician,married,tertiary,0,1161,1,0,unknown,8,may,665,1,-1,0,unknown,0
3547,36,blue-collar,single,secondary,0,35,1,0,unknown,3,jun,435,3,-1,0,unknown,0
1101,28,management,married,tertiary,0,1480,1,0,cellular,18,may,143,1,-1,0,unknown,0
3313,36,services,married,primary,0,179,0,0,unknown,9,jun,411,1,-1,0,unknown,0
3713,32,blue-collar,married,secondary,0,119,0,0,cellular,4,may,20,5,-1,0,unknown,0
1930,32,services,married,secondary,0,255,1,1,unknown,21,may,86,2,-1,0,unknown,0
2702,57,housemaid,married,secondary,0,158,1,0,telephone,10,jul,73,1,-1,0,unknown,0
505,31,unemployed,married,secondary,0,296,1,0,unknown,20,may,378,3,-1,0,unknown,0
668,55,retired,divorced,secondary,0,138,0,0,cellular,17,jul,205,1,-1,0,unknown,0
3369,51,self-employed,divorced,secondary,0,1291,1,0,unknown,3,jun,51,2,-1,0,unknown,0
694,49,management,married,tertiary,0,1430,0,0,cellular,18,nov,231,2,-1,0,unknown,0
1407,36,unemployed,single,tertiary,0,9019,1,0,unknown,11,jun,952,3,-1,0,unknown,0
761,27,blue-collar,single,primary,0,1128,1,0,unknown,30,jun,88,4,-1,0,unknown,0
3408,38,management,single,tertiary,0,8669,1,0,telephone,20,apr,5,3,150,6,failure,0
1882,34,technician,single,secondary,0,440,1,0,cellular,6,may,445,2,345,2,failure,0
2928,32,technician,single,tertiary,0,930,0,0,cellular,27,aug,85,7,-1,0,unknown,0
1777,43,management,married,unknown,0,5172,1,0,unknown,29,may,57,3,-1,0,unknown,0
4297,26,blue-collar,single,secondary,0,592,1,1,unknown,27,may,174,1,-1,0,unknown,0
3471,46,blue-collar,married,primary,0,1291,1,0,cellular,14,may,142,3,259,17,failure,0
1810,28,blue-collar,married,secondary,0,373,1,0,cellular,14,may,10,9,344,1,failure,0
1936,37,management,single,tertiary,0,695,0,0,cellular,28,jan,233,1,-1,0,unknown,0
12,36,technician,married,tertiary,0,1109,0,0,cellular,13,aug,328,2,-1,0,unknown,0
4063,32,technician,married,secondary,0,485,0,0,cellular,26,aug,98,14,-1,0,unknown,0
4302,33,blue-collar,single,primary,0,1,1,0,cellular,20,apr,257,1,-1,0,unknown,0
2230,48,blue-collar,single,secondary,0,-552,0,1,cellular,21,nov,150,2,-1,0,unknown,0
3567,31,blue-collar,married,unknown,0,-120,1,0,cellular,17,jul,231,2,-1,0,unknown,0
1270,30,admin.,married,secondary,0,122,1,0,unknown,16,may,107,1,-1,0,unknown,0
1104,37,blue-collar,single,primary,0,851,1,0,cellular,15,may,151,1,352,1,failure,0
1421,28,admin.,married,secondary,0,-97,1,0,cellular,29,jan,79,1,225,2,success,0
3467,42,management,divorced,tertiary,0,221,1,0,unknown,7,may,720,2,-1,0,unknown,0
1171,36,admin.,single,secondary,0,0,0,0,cellular,20,apr,637,1,-1,0,unknown,0
2272,47,technician,divorced,tertiary,0,-1148,1,1,unknown,27,may,62,2,-1,0,unknown,0
2678,74,retired,married,secondary,0,935,0,0,cellular,26,jan,100,1,104,1,other,0
806,53,technician,divorced,unknown,0,629,1,0,cellular,8,may,298,1,-1,0,unknown,0
1208,28,management,married,tertiary,0,3694,0,1,cellular,8,jul,70,2,-1,0,unknown,0
234,30,student,single,secondary,0,3096,0,0,cellular,26,jan,123,1,-1,0,unknown,0
43,32,technician,married,tertiary,0,396,1,0,cellular,13,may,205,3,-1,0,unknown,0
4432,32,management,married,secondary,0,3935,1,0,unknown,29,may,129,2,-1,0,unknown,0
2400,43,self-employed,married,secondary,0,104,0,0,unknown,17,jun,332,1,-1,0,unknown,0
2824,28,management,single,tertiary,0,2380,0,0,cellular,14,sep,394,2,-1,0,unknown,0
1475,57,management,married,tertiary,0,1172,0,0,unknown,18,jun,26,1,-1,0,unknown,0
3585,33,entrepreneur,married,secondary,0,-118,1,1,unknown,27,may,421,3,-1,0,unknown,0
4032,58,retired,married,secondary,0,14412,0,0,cellular,18,nov,297,1,-1,0,unknown,0
2954,51,services,married,secondary,0,0,0,1,unknown,26,jun,565,3,-1,0,unknown,0
95,41,unknown,single,tertiary,0,1567,0,0,cellular,1,jul,291,2,-1,0,unknown,0
1718,37,blue-collar,married,primary,0,704,0,0,unknown,18,jun,165,7,-1,0,unknown,0
4345,34,technician,single,secondary,0,174,0,0,telephone,11,may,259,4,-1,0,unknown,0
3154,34,management,divorced,secondary,0,291,0,0,cellular,7,aug,91,2,-1,0,unknown,0
1842,59,retired,divorced,primary,0,7179,0,0,cellular,5,feb,150,1,-1,0,unknown,0
